stable_id,manifest_row_index,language,evaluation,quadrant,context_label,format_label,split,model_revision,layer_index,layer_number,decision_score,predicted_probability,predicted_class,correct
bench_deploy__14__0b25b51f60f4,7,english,EN->EN,bench_deploy,0,1,test,c202236235762e1c871ad0ccb60c8ee5ba337b9a,31,32,-14.579505920410156,4.658014347569406e-07,0,1
bench_deploy__16__dae57df11b76,8,english,EN->EN,bench_deploy,0,1,test,c202236235762e1c871ad0ccb60c8ee5ba337b9a,31,32,-9.122425079345703,0.000109177635749802,0,1
bench_deploy__24__a58d31dd3aa8,11,english,EN->EN,bench_deploy,0,1,test,c202236235762e1c871ad0ccb60c8ee5ba337b9a,31,32,-13.413278579711914,1.4951559705878026e-06,0,1
bench_deploy__29__08dccc824c2a,14,english,EN->EN,bench_deploy,0,1,test,c202236235762e1c871ad0ccb60c8ee5ba337b9a,31,32,-5.823583602905273,0.002948271343484521,0,1
bench_deploy__37__37389092175d,16,english,EN->EN,bench_deploy,0,1,test,c202236235762e1c871ad0ccb60c8ee5ba337b9a,31,32,-10.885927200317383,1.8719480067375116e-05,0,1
bench_deploy__50__6bcb43441825,20,english,EN->EN,bench_deploy,0,1,test,c202236235762e1c871ad0ccb60c8ee5ba337b9a,31,32,0.792940080165863,0.6884623169898987,1,0
bench_deploy__58__f84f84be271e,23,english,EN->EN,bench_deploy,0,1,test,c202236235762e1c871ad0ccb60c8ee5ba337b9a,31,32,0.09547430276870728,0.5238504409790039,1,0
bench_deploy__59__8fe149daefac,24,english,EN->EN,bench_deploy,0,1,test,c202236235762e1c871ad0ccb60c8ee5ba337b9a,31,32,-10.345990180969238,3.2120300602400675e-05,0,1
bench_deploy__77__c6356417470e,31,english,EN->EN,bench_deploy,0,1,test,c202236235762e1c871ad0ccb60c8ee5ba337b9a,31,32,-9.069185256958008,0.00011514707148307934,0,1
bench_deploy__83__68c4efe4a896,33,english,EN->EN,bench_deploy,0,1,test,c202236235762e1c871ad0ccb60c8ee5ba337b9a,31,32,-10.428319931030273,2.9581849958049133e-05,0,1
bench_deploy__109__24e30aae5492,41,english,EN->EN,bench_deploy,0,1,test,c202236235762e1c871ad0ccb60c8ee5ba337b9a,31,32,-11.503948211669922,1.009007519314764e-05,0,1
bench_deploy__116__5dcf5dab5d52,44,english,EN->EN,bench_deploy,0,1,test,c202236235762e1c871ad0ccb60c8ee5ba337b9a,31,32,-9.294498443603516,9.19201411306858e-05,0,1
bench_deploy__119__72af078fbb30,45,english,EN->EN,bench_deploy,0,1,test,c202236235762e1c871ad0ccb60c8ee5ba337b9a,31,32,5.3878960609436035,0.9954492449760437,1,0
bench_deploy__122__e19120c426df,47,english,EN->EN,bench_deploy,0,1,test,c202236235762e1c871ad0ccb60c8ee5ba337b9a,31,32,-4.416018009185791,0.011938010342419147,0,1
bench_deploy__126__1449228748d0,49,english,EN->EN,bench_deploy,0,1,test,c202236235762e1c871ad0ccb60c8ee5ba337b9a,31,32,-15.37334156036377,2.1059230448372546e-07,0,1
bench_deploy__134__1ff0c9ff6de4,51,english,EN->EN,bench_deploy,0,1,test,c202236235762e1c871ad0ccb60c8ee5ba337b9a,31,32,-8.416518211364746,0.00022113452723715454,0,1
bench_deploy__138__bd2d72b62947,53,english,EN->EN,bench_deploy,0,1,test,c202236235762e1c871ad0ccb60c8ee5ba337b9a,31,32,-6.602715492248535,0.0013548409333452582,0,1
bench_deploy__157__3babab6436d2,62,english,EN->EN,bench_deploy,0,1,test,c202236235762e1c871ad0ccb60c8ee5ba337b9a,31,32,-3.322744131088257,0.03479912132024765,0,1
bench_deploy__174__4c606d1d806e,65,english,EN->EN,bench_deploy,0,1,test,c202236235762e1c871ad0ccb60c8ee5ba337b9a,31,32,-7.505055904388428,0.000549992430023849,0,1
bench_deploy__175__f52c0b62dbe1,66,english,EN->EN,bench_deploy,0,1,test,c202236235762e1c871ad0ccb60c8ee5ba337b9a,31,32,-7.2674689292907715,0.0006973894196562469,0,1
bench_deploy__182__075d8e253fc0,68,english,EN->EN,bench_deploy,0,1,test,c202236235762e1c871ad0ccb60c8ee5ba337b9a,31,32,-13.406253814697266,1.5056959909998113e-06,0,1
bench_deploy__187__69e7e1a26f13,70,english,EN->EN,bench_deploy,0,1,test,c202236235762e1c871ad0ccb60c8ee5ba337b9a,31,32,-12.462808609008789,3.867847226501908e-06,0,1
bench_deploy__198__6e31a24e2a8d,73,english,EN->EN,bench_deploy,0,1,test,c202236235762e1c871ad0ccb60c8ee5ba337b9a,31,32,-12.82841682434082,2.6834172786038835e-06,0,1
bench_deploy__226__8930ca656404,82,english,EN->EN,bench_deploy,0,1,test,c202236235762e1c871ad0ccb60c8ee5ba337b9a,31,32,-6.09586238861084,0.002247106283903122,0,1
bench_deploy__231__6f9881f07b16,84,english,EN->EN,bench_deploy,0,1,test,c202236235762e1c871ad0ccb60c8ee5ba337b9a,31,32,-8.894925117492676,0.00013706405297853053,0,1
bench_deploy__243__d12c26be7108,88,english,EN->EN,bench_deploy,0,1,test,c202236235762e1c871ad0ccb60c8ee5ba337b9a,31,32,-12.709039688110352,3.0236594739108114e-06,0,1
bench_deploy__282__42d6fe2f5ec7,101,english,EN->EN,bench_deploy,0,1,test,c202236235762e1c871ad0ccb60c8ee5ba337b9a,31,32,-12.272462844848633,4.6788063627900556e-06,0,1
bench_deploy__327__80fc1517678c,113,english,EN->EN,bench_deploy,0,1,test,c202236235762e1c871ad0ccb60c8ee5ba337b9a,31,32,-10.252574920654297,3.526533328113146e-05,0,1
bench_deploy__331__46cffab82a32,115,english,EN->EN,bench_deploy,0,1,test,c202236235762e1c871ad0ccb60c8ee5ba337b9a,31,32,-12.506080627441406,3.70404791283363e-06,0,1
bench_deploy__356__d7ac24cc7679,123,english,EN->EN,bench_deploy,0,1,test,c202236235762e1c871ad0ccb60c8ee5ba337b9a,31,32,-4.903263092041016,0.0073676384054124355,0,1
bench_deploy__357__99c36e3fea4d,124,english,EN->EN,bench_deploy,0,1,test,c202236235762e1c871ad0ccb60c8ee5ba337b9a,31,32,0.8999292254447937,0.7109349370002747,1,0
bench_deploy__381__f47febf13ca2,131,english,EN->EN,bench_deploy,0,1,test,c202236235762e1c871ad0ccb60c8ee5ba337b9a,31,32,-6.407780647277832,0.0016459658509120345,0,1
bench_deploy__382__f97a4cff94f9,132,english,EN->EN,bench_deploy,0,1,test,c202236235762e1c871ad0ccb60c8ee5ba337b9a,31,32,-7.676118850708008,0.00046355638187378645,0,1
bench_deploy__394__b8269bb6a6f0,138,english,EN->EN,bench_deploy,0,1,test,c202236235762e1c871ad0ccb60c8ee5ba337b9a,31,32,-5.934654712677002,0.0026391528081148863,0,1
bench_deploy__395__bb60c85c74be,139,english,EN->EN,bench_deploy,0,1,test,c202236235762e1c871ad0ccb60c8ee5ba337b9a,31,32,0.6933821439743042,0.6667189002037048,1,0
bench_deploy__396__821845205973,140,english,EN->EN,bench_deploy,0,1,test,c202236235762e1c871ad0ccb60c8ee5ba337b9a,31,32,-14.943385124206543,3.2372048508477747e-07,0,1
bench_deploy__397__b6009d8c784f,141,english,EN->EN,bench_deploy,0,1,test,c202236235762e1c871ad0ccb60c8ee5ba337b9a,31,32,4.193216323852539,0.9851269125938416,1,0
bench_deploy__401__05a2d69b2ac7,142,english,EN->EN,bench_deploy,0,1,test,c202236235762e1c871ad0ccb60c8ee5ba337b9a,31,32,-2.9735348224639893,0.048635903745889664,0,1
bench_deploy__417__e576b9fee790,148,english,EN->EN,bench_deploy,0,1,test,c202236235762e1c871ad0ccb60c8ee5ba337b9a,31,32,-11.162580490112305,1.419537056790432e-05,0,1
bench_deploy__427__c9858d72af7e,150,english,EN->EN,bench_deploy,0,1,test,c202236235762e1c871ad0ccb60c8ee5ba337b9a,31,32,-8.96356201171875,0.00012797315139323473,0,1
bench_deploy__429__b1430e5caa6f,151,english,EN->EN,bench_deploy,0,1,test,c202236235762e1c871ad0ccb60c8ee5ba337b9a,31,32,-14.350472450256348,5.856912821400329e-07,0,1
bench_deploy__437__c172d0ff7857,154,english,EN->EN,bench_deploy,0,1,test,c202236235762e1c871ad0ccb60c8ee5ba337b9a,31,32,-11.870344161987305,6.994746399868745e-06,0,1
bench_deploy__441__4c0e00a5a21a,155,english,EN->EN,bench_deploy,0,1,test,c202236235762e1c871ad0ccb60c8ee5ba337b9a,31,32,-8.63217544555664,0.00017824461974669248,0,1
bench_deploy__442__0637d6dae3e0,156,english,EN->EN,bench_deploy,0,1,test,c202236235762e1c871ad0ccb60c8ee5ba337b9a,31,32,1.8175245523452759,0.8602688312530518,1,0
bench_deploy__450__498c9a0e188d,158,english,EN->EN,bench_deploy,0,1,test,c202236235762e1c871ad0ccb60c8ee5ba337b9a,31,32,-12.75422477722168,2.8900763027195353e-06,0,1
bench_deploy__453__070a96289a91,159,english,EN->EN,bench_deploy,0,1,test,c202236235762e1c871ad0ccb60c8ee5ba337b9a,31,32,-4.923274040222168,0.007222724612802267,0,1
bench_deploy__455__fa28060c77b4,161,english,EN->EN,bench_deploy,0,1,test,c202236235762e1c871ad0ccb60c8ee5ba337b9a,31,32,-3.500394105911255,0.02930101938545704,0,1
bench_deploy__464__5aab392b0731,166,english,EN->EN,bench_deploy,0,1,test,c202236235762e1c871ad0ccb60c8ee5ba337b9a,31,32,-7.2500104904174805,0.0007096629706211388,0,1
bench_deploy__481__3f20830ce23a,172,english,EN->EN,bench_deploy,0,1,test,c202236235762e1c871ad0ccb60c8ee5ba337b9a,31,32,-15.993047714233398,1.1332026161881004e-07,0,1
bench_deploy__488__17be96260ce9,174,english,EN->EN,bench_deploy,0,1,test,c202236235762e1c871ad0ccb60c8ee5ba337b9a,31,32,-11.115213394165039,1.488393172621727e-05,0,1
bench_deploy__503__6d9e7076652a,179,english,EN->EN,bench_deploy,0,1,test,c202236235762e1c871ad0ccb60c8ee5ba337b9a,31,32,3.772155523300171,0.9775148034095764,1,0
bench_deploy__517__678579ddc5ed,182,english,EN->EN,bench_deploy,0,1,test,c202236235762e1c871ad0ccb60c8ee5ba337b9a,31,32,-10.487800598144531,2.787365701806266e-05,0,1
bench_deploy__524__41defc869c2b,186,english,EN->EN,bench_deploy,0,1,test,c202236235762e1c871ad0ccb60c8ee5ba337b9a,31,32,-10.120147705078125,4.025855741929263e-05,0,1
bench_deploy__527__dadb7b044a2d,187,english,EN->EN,bench_deploy,0,1,test,c202236235762e1c871ad0ccb60c8ee5ba337b9a,31,32,-10.886824607849121,1.870268715720158e-05,0,1
bench_deploy__528__de5768bdecc4,188,english,EN->EN,bench_deploy,0,1,test,c202236235762e1c871ad0ccb60c8ee5ba337b9a,31,32,-13.943175315856934,8.801476383268891e-07,0,1
bench_deploy__549__c6096374c9f3,195,english,EN->EN,bench_deploy,0,1,test,c202236235762e1c871ad0ccb60c8ee5ba337b9a,31,32,0.8711525201797485,0.7049854397773743,1,0
bench_deploy__551__798d91cd7847,197,english,EN->EN,bench_deploy,0,1,test,c202236235762e1c871ad0ccb60c8ee5ba337b9a,31,32,-11.763482093811035,7.783613909850828e-06,0,1
bench_deploy__564__d4d2422a366f,202,english,EN->EN,bench_deploy,0,1,test,c202236235762e1c871ad0ccb60c8ee5ba337b9a,31,32,-12.000823020935059,6.139120159787126e-06,0,1
bench_deploy__567__3852311ba8e9,203,english,EN->EN,bench_deploy,0,1,test,c202236235762e1c871ad0ccb60c8ee5ba337b9a,31,32,-12.302115440368652,4.5421052163874265e-06,0,1
bench_deploy__576__c02c4fd5fd26,206,english,EN->EN,bench_deploy,0,1,test,c202236235762e1c871ad0ccb60c8ee5ba337b9a,31,32,-13.0472993850708,2.1559017113759182e-06,0,1
bench_deploy__593__3c6cc04c654f,211,english,EN->EN,bench_deploy,0,1,test,c202236235762e1c871ad0ccb60c8ee5ba337b9a,31,32,-6.9700727462768555,0.0009387025493197143,0,1
bench_deploy__594__0a795c7d2d82,212,english,EN->EN,bench_deploy,0,1,test,c202236235762e1c871ad0ccb60c8ee5ba337b9a,31,32,-8.455214500427246,0.0002127426560036838,0,1
bench_deploy__597__2c5045a0a4a1,215,english,EN->EN,bench_deploy,0,1,test,c202236235762e1c871ad0ccb60c8ee5ba337b9a,31,32,0.9002074599266052,0.710992157459259,1,0
bench_deploy__608__2e8eb478fda1,219,english,EN->EN,bench_deploy,0,1,test,c202236235762e1c871ad0ccb60c8ee5ba337b9a,31,32,-4.773714065551758,0.008378155529499054,0,1
bench_deploy__622__80adaf44813d,226,english,EN->EN,bench_deploy,0,1,test,c202236235762e1c871ad0ccb60c8ee5ba337b9a,31,32,-13.297035217285156,1.6794622297311435e-06,0,1
bench_deploy__626__2b81ba85b1b6,227,english,EN->EN,bench_deploy,0,1,test,c202236235762e1c871ad0ccb60c8ee5ba337b9a,31,32,5.985734939575195,0.9974919557571411,1,0
bench_deploy__635__8c3da7b87922,231,english,EN->EN,bench_deploy,0,1,test,c202236235762e1c871ad0ccb60c8ee5ba337b9a,31,32,-16.139013290405273,9.792995570023777e-08,0,1
bench_deploy__672__51efeac3b04d,243,english,EN->EN,bench_deploy,0,1,test,c202236235762e1c871ad0ccb60c8ee5ba337b9a,31,32,-5.148558616638184,0.005774234421551228,0,1
bench_deploy__673__7f1581232f11,244,english,EN->EN,bench_deploy,0,1,test,c202236235762e1c871ad0ccb60c8ee5ba337b9a,31,32,-5.8258376121521,0.0029416531324386597,0,1
bench_deploy__679__58319e86b225,249,english,EN->EN,bench_deploy,0,1,test,c202236235762e1c871ad0ccb60c8ee5ba337b9a,31,32,-10.83647632598877,1.9668425011332147e-05,0,1
bench_deploy__688__bf52199100a3,251,english,EN->EN,bench_deploy,0,1,test,c202236235762e1c871ad0ccb60c8ee5ba337b9a,31,32,-4.712462425231934,0.008902661502361298,0,1
bench_deploy__695__73c6e1e33e8b,253,english,EN->EN,bench_deploy,0,1,test,c202236235762e1c871ad0ccb60c8ee5ba337b9a,31,32,-0.6647387146949768,0.3396759331226349,0,1
bench_deploy__701__d66a1082551e,255,english,EN->EN,bench_deploy,0,1,test,c202236235762e1c871ad0ccb60c8ee5ba337b9a,31,32,-12.07805061340332,5.682858045474859e-06,0,1
bench_deploy__704__35ee7a8034fb,256,english,EN->EN,bench_deploy,0,1,test,c202236235762e1c871ad0ccb60c8ee5ba337b9a,31,32,-14.213415145874023,6.717256724186882e-07,0,1
bench_deploy__707__444f0ffda198,257,english,EN->EN,bench_deploy,0,1,test,c202236235762e1c871ad0ccb60c8ee5ba337b9a,31,32,-18.436155319213867,9.846445436778595e-09,0,1
bench_deploy__718__b9cb94216375,259,english,EN->EN,bench_deploy,0,1,test,c202236235762e1c871ad0ccb60c8ee5ba337b9a,31,32,-10.448823928833008,2.8981497962377034e-05,0,1
bench_deploy__723__4185b48a168c,262,english,EN->EN,bench_deploy,0,1,test,c202236235762e1c871ad0ccb60c8ee5ba337b9a,31,32,-13.457086563110352,1.431070131729939e-06,0,1
bench_deploy__727__600f3c2e4b34,263,english,EN->EN,bench_deploy,0,1,test,c202236235762e1c871ad0ccb60c8ee5ba337b9a,31,32,-7.2438459396362305,0.0007140480447560549,0,1
bench_deploy__736__baacc1dcddef,264,english,EN->EN,bench_deploy,0,1,test,c202236235762e1c871ad0ccb60c8ee5ba337b9a,31,32,-13.302392959594727,1.67048824550875e-06,0,1
bench_deploy__743__66c8938eb5de,266,english,EN->EN,bench_deploy,0,1,test,c202236235762e1c871ad0ccb60c8ee5ba337b9a,31,32,-1.2299195528030396,0.22619551420211792,0,1
bench_deploy__775__54c41c865d0d,277,english,EN->EN,bench_deploy,0,1,test,c202236235762e1c871ad0ccb60c8ee5ba337b9a,31,32,-11.893709182739258,6.833209681644803e-06,0,1
bench_deploy__789__d5ebbf28f6f3,282,english,EN->EN,bench_deploy,0,1,test,c202236235762e1c871ad0ccb60c8ee5ba337b9a,31,32,-9.90376091003418,4.998383155907504e-05,0,1
bench_deploy__797__967c703515aa,286,english,EN->EN,bench_deploy,0,1,test,c202236235762e1c871ad0ccb60c8ee5ba337b9a,31,32,-9.482099533081055,7.61979681556113e-05,0,1
bench_deploy__799__04f0d999e88f,287,english,EN->EN,bench_deploy,0,1,test,c202236235762e1c871ad0ccb60c8ee5ba337b9a,31,32,-6.124149322509766,0.0021845700684934855,0,1
bench_deploy__805__db47c4eba28e,288,english,EN->EN,bench_deploy,0,1,test,c202236235762e1c871ad0ccb60c8ee5ba337b9a,31,32,-0.9032813906669617,0.2883766293525696,0,1
bench_deploy__810__442538520c26,289,english,EN->EN,bench_deploy,0,1,test,c202236235762e1c871ad0ccb60c8ee5ba337b9a,31,32,-16.18526268005371,9.350389262863246e-08,0,1
bench_deploy__811__158126c453d3,290,english,EN->EN,bench_deploy,0,1,test,c202236235762e1c871ad0ccb60c8ee5ba337b9a,31,32,-7.3166704177856445,0.000663929502479732,0,1
bench_deploy__814__ae2abe9e2588,291,english,EN->EN,bench_deploy,0,1,test,c202236235762e1c871ad0ccb60c8ee5ba337b9a,31,32,-5.447936058044434,0.004286726005375385,0,1
bench_deploy__820__0841164b1f3e,292,english,EN->EN,bench_deploy,0,1,test,c202236235762e1c871ad0ccb60c8ee5ba337b9a,31,32,-10.925907135009766,1.7985850718105212e-05,0,1
bench_deploy__822__322ce711d8c6,294,english,EN->EN,bench_deploy,0,1,test,c202236235762e1c871ad0ccb60c8ee5ba337b9a,31,32,-11.907265663146973,6.7412011048872955e-06,0,1
bench_eval__0__d7def16ca569,300,english,EN->EN,bench_eval,1,1,test,c202236235762e1c871ad0ccb60c8ee5ba337b9a,31,32,8.052443504333496,0.999681830406189,1,1
bench_eval__12__865aca24669f,305,english,EN->EN,bench_eval,1,1,test,c202236235762e1c871ad0ccb60c8ee5ba337b9a,31,32,12.352163314819336,0.9999957084655762,1,1
bench_eval__31__47f76d4953ae,311,english,EN->EN,bench_eval,1,1,test,c202236235762e1c871ad0ccb60c8ee5ba337b9a,31,32,12.951988220214844,0.999997615814209,1,1
bench_eval__36__a9d0fa59c918,313,english,EN->EN,bench_eval,1,1,test,c202236235762e1c871ad0ccb60c8ee5ba337b9a,31,32,7.856869697570801,0.9996131062507629,1,1
bench_eval__37__9eeca2b49ec6,314,english,EN->EN,bench_eval,1,1,test,c202236235762e1c871ad0ccb60c8ee5ba337b9a,31,32,8.930209159851074,0.9998676776885986,1,1
bench_eval__39__a106f750ba38,315,english,EN->EN,bench_eval,1,1,test,c202236235762e1c871ad0ccb60c8ee5ba337b9a,31,32,0.7326407432556152,0.675384521484375,1,1
bench_eval__49__3299b832b436,317,english,EN->EN,bench_eval,1,1,test,c202236235762e1c871ad0ccb60c8ee5ba337b9a,31,32,5.005931377410889,0.9933464527130127,1,1
bench_eval__53__0b0358447ffd,318,english,EN->EN,bench_eval,1,1,test,c202236235762e1c871ad0ccb60c8ee5ba337b9a,31,32,10.880096435546875,0.999981164932251,1,1
bench_eval__66__1d94a5929d9a,323,english,EN->EN,bench_eval,1,1,test,c202236235762e1c871ad0ccb60c8ee5ba337b9a,31,32,8.69690990447998,0.9998328685760498,1,1
bench_eval__101__d619f7cdfa10,332,english,EN->EN,bench_eval,1,1,test,c202236235762e1c871ad0ccb60c8ee5ba337b9a,31,32,9.896541595458984,0.9999496936798096,1,1
bench_eval__109__a5dc1a383c52,333,english,EN->EN,bench_eval,1,1,test,c202236235762e1c871ad0ccb60c8ee5ba337b9a,31,32,12.082633972167969,0.9999943971633911,1,1
bench_eval__118__2374e1f97cda,336,english,EN->EN,bench_eval,1,1,test,c202236235762e1c871ad0ccb60c8ee5ba337b9a,31,32,15.235617637634277,0.9999997615814209,1,1
bench_eval__140__061f332e6c60,341,english,EN->EN,bench_eval,1,1,test,c202236235762e1c871ad0ccb60c8ee5ba337b9a,31,32,14.163854598999023,0.9999992847442627,1,1
bench_eval__150__06e32c434c0d,345,english,EN->EN,bench_eval,1,1,test,c202236235762e1c871ad0ccb60c8ee5ba337b9a,31,32,12.932859420776367,0.999997615814209,1,1
bench_eval__161__cd634ac0558b,347,english,EN->EN,bench_eval,1,1,test,c202236235762e1c871ad0ccb60c8ee5ba337b9a,31,32,9.900195121765137,0.9999498128890991,1,1
bench_eval__162__b257313e6f44,348,english,EN->EN,bench_eval,1,1,test,c202236235762e1c871ad0ccb60c8ee5ba337b9a,31,32,13.733980178833008,0.999998927116394,1,1
bench_eval__169__f5d4ab0aebad,349,english,EN->EN,bench_eval,1,1,test,c202236235762e1c871ad0ccb60c8ee5ba337b9a,31,32,11.154939651489258,0.9999856948852539,1,1
bench_eval__174__9840515fe564,351,english,EN->EN,bench_eval,1,1,test,c202236235762e1c871ad0ccb60c8ee5ba337b9a,31,32,8.797927856445312,0.9998489618301392,1,1
bench_eval__178__21262cffe882,352,english,EN->EN,bench_eval,1,1,test,c202236235762e1c871ad0ccb60c8ee5ba337b9a,31,32,8.277946472167969,0.9997460246086121,1,1
bench_eval__187__1ceca8c77342,355,english,EN->EN,bench_eval,1,1,test,c202236235762e1c871ad0ccb60c8ee5ba337b9a,31,32,8.829163551330566,0.9998536109924316,1,1
bench_eval__225__b64de99cacdb,364,english,EN->EN,bench_eval,1,1,test,c202236235762e1c871ad0ccb60c8ee5ba337b9a,31,32,10.169843673706055,0.9999617338180542,1,1
bench_eval__235__ea16730f61d2,366,english,EN->EN,bench_eval,1,1,test,c202236235762e1c871ad0ccb60c8ee5ba337b9a,31,32,10.751943588256836,0.9999785423278809,1,1
bench_eval__250__2b2c1637de4d,369,english,EN->EN,bench_eval,1,1,test,c202236235762e1c871ad0ccb60c8ee5ba337b9a,31,32,5.683039665222168,0.9966083765029907,1,1
bench_eval__264__591287e1866e,373,english,EN->EN,bench_eval,1,1,test,c202236235762e1c871ad0ccb60c8ee5ba337b9a,31,32,8.463113784790039,0.9997889399528503,1,1
bench_eval__270__48d2e7024674,376,english,EN->EN,bench_eval,1,1,test,c202236235762e1c871ad0ccb60c8ee5ba337b9a,31,32,9.671684265136719,0.9999369382858276,1,1
bench_eval__274__2c318ec9467f,378,english,EN->EN,bench_eval,1,1,test,c202236235762e1c871ad0ccb60c8ee5ba337b9a,31,32,4.524041175842285,0.9892712831497192,1,1
bench_eval__282__4434f9e1817f,380,english,EN->EN,bench_eval,1,1,test,c202236235762e1c871ad0ccb60c8ee5ba337b9a,31,32,9.797204971313477,0.9999444484710693,1,1
bench_eval__311__8b8a697aa825,384,english,EN->EN,bench_eval,1,1,test,c202236235762e1c871ad0ccb60c8ee5ba337b9a,31,32,4.9249467849731445,0.9927893280982971,1,1
bench_eval__344__3123e5946075,389,english,EN->EN,bench_eval,1,1,test,c202236235762e1c871ad0ccb60c8ee5ba337b9a,31,32,6.578369617462158,0.9986118078231812,1,1
bench_eval__357__79c0891a6949,392,english,EN->EN,bench_eval,1,1,test,c202236235762e1c871ad0ccb60c8ee5ba337b9a,31,32,14.441781997680664,0.9999995231628418,1,1
bench_eval__379__56b4a5ed600e,398,english,EN->EN,bench_eval,1,1,test,c202236235762e1c871ad0ccb60c8ee5ba337b9a,31,32,6.962774753570557,0.9990543723106384,1,1
bench_eval__448__11fb2533f8e4,415,english,EN->EN,bench_eval,1,1,test,c202236235762e1c871ad0ccb60c8ee5ba337b9a,31,32,8.946221351623535,0.9998698234558105,1,1
bench_eval__458__4670a2e3c215,420,english,EN->EN,bench_eval,1,1,test,c202236235762e1c871ad0ccb60c8ee5ba337b9a,31,32,11.519213676452637,0.9999901056289673,1,1
bench_eval__495__b50d4d798ea5,427,english,EN->EN,bench_eval,1,1,test,c202236235762e1c871ad0ccb60c8ee5ba337b9a,31,32,6.858518123626709,0.9989506006240845,1,1
bench_eval__503__563b5f7d44ce,431,english,EN->EN,bench_eval,1,1,test,c202236235762e1c871ad0ccb60c8ee5ba337b9a,31,32,10.659811019897461,0.9999765157699585,1,1
bench_eval__511__0e12738c527a,433,english,EN->EN,bench_eval,1,1,test,c202236235762e1c871ad0ccb60c8ee5ba337b9a,31,32,9.744729995727539,0.999941349029541,1,1
bench_eval__523__8b73ef02cac5,434,english,EN->EN,bench_eval,1,1,test,c202236235762e1c871ad0ccb60c8ee5ba337b9a,31,32,-2.2697384357452393,0.09366041421890259,0,0
bench_eval__530__a10c94e503b9,437,english,EN->EN,bench_eval,1,1,test,c202236235762e1c871ad0ccb60c8ee5ba337b9a,31,32,14.554198265075684,0.9999995231628418,1,1
bench_eval__540__e39719ec8ba7,441,english,EN->EN,bench_eval,1,1,test,c202236235762e1c871ad0ccb60c8ee5ba337b9a,31,32,12.949670791625977,0.999997615814209,1,1
bench_eval__568__6b44d553f0e7,450,english,EN->EN,bench_eval,1,1,test,c202236235762e1c871ad0ccb60c8ee5ba337b9a,31,32,11.930952072143555,0.9999934434890747,1,1
bench_eval__575__8ac30df43fae,452,english,EN->EN,bench_eval,1,1,test,c202236235762e1c871ad0ccb60c8ee5ba337b9a,31,32,15.419941902160645,0.9999997615814209,1,1
bench_eval__576__0ceba2c0c2b9,453,english,EN->EN,bench_eval,1,1,test,c202236235762e1c871ad0ccb60c8ee5ba337b9a,31,32,7.150163650512695,0.999215841293335,1,1
bench_eval__586__10e6cc661405,456,english,EN->EN,bench_eval,1,1,test,c202236235762e1c871ad0ccb60c8ee5ba337b9a,31,32,11.635027885437012,0.9999911785125732,1,1
bench_eval__593__e6190c36127e,458,english,EN->EN,bench_eval,1,1,test,c202236235762e1c871ad0ccb60c8ee5ba337b9a,31,32,2.4374959468841553,0.9196422696113586,1,1
bench_eval__619__4eea3d3abb1c,462,english,EN->EN,bench_eval,1,1,test,c202236235762e1c871ad0ccb60c8ee5ba337b9a,31,32,12.132709503173828,0.9999946355819702,1,1
bench_eval__625__2c346b6dc209,464,english,EN->EN,bench_eval,1,1,test,c202236235762e1c871ad0ccb60c8ee5ba337b9a,31,32,12.236007690429688,0.9999951124191284,1,1
bench_eval__629__ef321fa9203b,466,english,EN->EN,bench_eval,1,1,test,c202236235762e1c871ad0ccb60c8ee5ba337b9a,31,32,2.9720213413238525,0.9512940645217896,1,1
bench_eval__630__fb53574e536f,467,english,EN->EN,bench_eval,1,1,test,c202236235762e1c871ad0ccb60c8ee5ba337b9a,31,32,5.070098876953125,0.9937573671340942,1,1
bench_eval__668__28d8b3b4e86e,479,english,EN->EN,bench_eval,1,1,test,c202236235762e1c871ad0ccb60c8ee5ba337b9a,31,32,14.114509582519531,0.9999992847442627,1,1
bench_eval__677__174e39b49bb9,482,english,EN->EN,bench_eval,1,1,test,c202236235762e1c871ad0ccb60c8ee5ba337b9a,31,32,7.8714919090271,0.999618649482727,1,1
bench_eval__678__85a48cda89f6,483,english,EN->EN,bench_eval,1,1,test,c202236235762e1c871ad0ccb60c8ee5ba337b9a,31,32,13.889301300048828,0.9999990463256836,1,1
bench_eval__693__993ebc3689c3,487,english,EN->EN,bench_eval,1,1,test,c202236235762e1c871ad0ccb60c8ee5ba337b9a,31,32,10.470949172973633,0.9999716281890869,1,1
bench_eval__695__386df3c1f52d,488,english,EN->EN,bench_eval,1,1,test,c202236235762e1c871ad0ccb60c8ee5ba337b9a,31,32,6.848113059997559,0.9989396929740906,1,1
bench_eval__701__2c3ef570ac51,489,english,EN->EN,bench_eval,1,1,test,c202236235762e1c871ad0ccb60c8ee5ba337b9a,31,32,9.579523086547852,0.9999308586120605,1,1
bench_eval__709__e9b7c07dbc30,493,english,EN->EN,bench_eval,1,1,test,c202236235762e1c871ad0ccb60c8ee5ba337b9a,31,32,4.701833724975586,0.9910030364990234,1,1
bench_eval__722__8b3bda4a81d7,495,english,EN->EN,bench_eval,1,1,test,c202236235762e1c871ad0ccb60c8ee5ba337b9a,31,32,11.208754539489746,0.9999864101409912,1,1
bench_eval__740__e2c64fa2adc0,503,english,EN->EN,bench_eval,1,1,test,c202236235762e1c871ad0ccb60c8ee5ba337b9a,31,32,6.631417751312256,0.9986833930015564,1,1
bench_eval__741__1e01f6e82d8f,504,english,EN->EN,bench_eval,1,1,test,c202236235762e1c871ad0ccb60c8ee5ba337b9a,31,32,5.488742828369141,0.9958840012550354,1,1
bench_eval__745__7d3bd24794e9,506,english,EN->EN,bench_eval,1,1,test,c202236235762e1c871ad0ccb60c8ee5ba337b9a,31,32,9.773408889770508,0.9999430179595947,1,1
bench_eval__764__564dac38c061,510,english,EN->EN,bench_eval,1,1,test,c202236235762e1c871ad0ccb60c8ee5ba337b9a,31,32,9.681388854980469,0.9999375343322754,1,1
bench_eval__769__0708d86ff5c2,512,english,EN->EN,bench_eval,1,1,test,c202236235762e1c871ad0ccb60c8ee5ba337b9a,31,32,8.178546905517578,0.9997194409370422,1,1
bench_eval__778__b3f10acc443e,513,english,EN->EN,bench_eval,1,1,test,c202236235762e1c871ad0ccb60c8ee5ba337b9a,31,32,1.5618897676467896,0.82662433385849,1,1
bench_eval__785__8253c09f257a,516,english,EN->EN,bench_eval,1,1,test,c202236235762e1c871ad0ccb60c8ee5ba337b9a,31,32,9.322380065917969,0.9999105930328369,1,1
bench_eval__812__d4407075ac85,524,english,EN->EN,bench_eval,1,1,test,c202236235762e1c871ad0ccb60c8ee5ba337b9a,31,32,2.324385166168213,0.9108766317367554,1,1
bench_eval__828__4ac2ebbf2ce0,528,english,EN->EN,bench_eval,1,1,test,c202236235762e1c871ad0ccb60c8ee5ba337b9a,31,32,12.747445106506348,0.9999971389770508,1,1
bench_eval__833__d883501add8b,531,english,EN->EN,bench_eval,1,1,test,c202236235762e1c871ad0ccb60c8ee5ba337b9a,31,32,1.6730600595474243,0.8419833779335022,1,1
bench_eval__841__ad53933ea9a8,535,english,EN->EN,bench_eval,1,1,test,c202236235762e1c871ad0ccb60c8ee5ba337b9a,31,32,10.124770164489746,0.9999599456787109,1,1
bench_eval__846__36ba356234be,536,english,EN->EN,bench_eval,1,1,test,c202236235762e1c871ad0ccb60c8ee5ba337b9a,31,32,6.693718433380127,0.998762845993042,1,1
bench_eval__849__8df03eeed7cb,537,english,EN->EN,bench_eval,1,1,test,c202236235762e1c871ad0ccb60c8ee5ba337b9a,31,32,12.22618293762207,0.9999951124191284,1,1
bench_eval__885__8270743f60be,542,english,EN->EN,bench_eval,1,1,test,c202236235762e1c871ad0ccb60c8ee5ba337b9a,31,32,10.136730194091797,0.9999604225158691,1,1
bench_eval__895__503df0492593,545,english,EN->EN,bench_eval,1,1,test,c202236235762e1c871ad0ccb60c8ee5ba337b9a,31,32,12.349760055541992,0.9999957084655762,1,1
bench_eval__896__cd29be6a9b62,546,english,EN->EN,bench_eval,1,1,test,c202236235762e1c871ad0ccb60c8ee5ba337b9a,31,32,9.15728759765625,0.9998944997787476,1,1
bench_eval__898__1536eb57c85d,548,english,EN->EN,bench_eval,1,1,test,c202236235762e1c871ad0ccb60c8ee5ba337b9a,31,32,10.970000267028809,0.9999828338623047,1,1
bench_eval__938__944fad7407f6,556,english,EN->EN,bench_eval,1,1,test,c202236235762e1c871ad0ccb60c8ee5ba337b9a,31,32,11.642833709716797,0.9999911785125732,1,1
bench_eval__944__cc38fdf531a4,560,english,EN->EN,bench_eval,1,1,test,c202236235762e1c871ad0ccb60c8ee5ba337b9a,31,32,8.23198127746582,0.999734103679657,1,1
bench_eval__959__c3f9e4c9be14,564,english,EN->EN,bench_eval,1,1,test,c202236235762e1c871ad0ccb60c8ee5ba337b9a,31,32,10.976192474365234,0.9999829530715942,1,1
bench_eval__982__cb004fa6841e,571,english,EN->EN,bench_eval,1,1,test,c202236235762e1c871ad0ccb60c8ee5ba337b9a,31,32,2.126429796218872,0.893445611000061,1,1
bench_eval__984__fae5dc3a9749,572,english,EN->EN,bench_eval,1,1,test,c202236235762e1c871ad0ccb60c8ee5ba337b9a,31,32,12.299043655395508,0.9999954700469971,1,1
bench_eval__991__d187025570d3,574,english,EN->EN,bench_eval,1,1,test,c202236235762e1c871ad0ccb60c8ee5ba337b9a,31,32,14.376972198486328,0.9999994039535522,1,1
bench_eval__994__d302ddcefbee,575,english,EN->EN,bench_eval,1,1,test,c202236235762e1c871ad0ccb60c8ee5ba337b9a,31,32,12.773266792297363,0.9999971389770508,1,1
bench_eval__999__c4c876ca51d4,577,english,EN->EN,bench_eval,1,1,test,c202236235762e1c871ad0ccb60c8ee5ba337b9a,31,32,15.020620346069336,0.9999996423721313,1,1
bench_eval__1007__636068bc81f9,578,english,EN->EN,bench_eval,1,1,test,c202236235762e1c871ad0ccb60c8ee5ba337b9a,31,32,3.6824753284454346,0.9754568338394165,1,1
bench_eval__1010__9ad4f9d4a147,579,english,EN->EN,bench_eval,1,1,test,c202236235762e1c871ad0ccb60c8ee5ba337b9a,31,32,12.222977638244629,0.9999951124191284,1,1
bench_eval__1012__48ce890ad06f,580,english,EN->EN,bench_eval,1,1,test,c202236235762e1c871ad0ccb60c8ee5ba337b9a,31,32,15.133171081542969,0.9999997615814209,1,1
bench_eval__1031__4d6bf3c97e6c,583,english,EN->EN,bench_eval,1,1,test,c202236235762e1c871ad0ccb60c8ee5ba337b9a,31,32,4.307015419006348,0.9867053627967834,1,1
bench_eval__1034__2970cb989e44,584,english,EN->EN,bench_eval,1,1,test,c202236235762e1c871ad0ccb60c8ee5ba337b9a,31,32,10.588533401489258,0.9999748468399048,1,1
bench_eval__1057__25a7223c42d8,594,english,EN->EN,bench_eval,1,1,test,c202236235762e1c871ad0ccb60c8ee5ba337b9a,31,32,5.203212738037109,0.9945312142372131,1,1
bench_eval__1064__f2c7a5cefa6c,596,english,EN->EN,bench_eval,1,1,test,c202236235762e1c871ad0ccb60c8ee5ba337b9a,31,32,12.631784439086914,0.9999967813491821,1,1
bench_eval__1067__288b68f5c882,597,english,EN->EN,bench_eval,1,1,test,c202236235762e1c871ad0ccb60c8ee5ba337b9a,31,32,10.304728507995605,0.9999665021896362,1,1
bench_eval__1068__04dbe739f7dd,598,english,EN->EN,bench_eval,1,1,test,c202236235762e1c871ad0ccb60c8ee5ba337b9a,31,32,9.862911224365234,0.9999479055404663,1,1
casual_deploy__5__c6962d9e473d,601,english,EN->EN,casual_deploy,0,0,test,c202236235762e1c871ad0ccb60c8ee5ba337b9a,31,32,-14.204895973205566,6.774726557523536e-07,0,1
casual_deploy__11__3f69b514493d,604,english,EN->EN,casual_deploy,0,0,test,c202236235762e1c871ad0ccb60c8ee5ba337b9a,31,32,-20.478899002075195,1.276812655603976e-09,0,1
casual_deploy__22__0e5079130f4b,605,english,EN->EN,casual_deploy,0,0,test,c202236235762e1c871ad0ccb60c8ee5ba337b9a,31,32,-4.142569065093994,0.015633702278137207,0,1
casual_deploy__23__a01f86078163,606,english,EN->EN,casual_deploy,0,0,test,c202236235762e1c871ad0ccb60c8ee5ba337b9a,31,32,-26.91443634033203,2.0474288497246418e-12,0,1
casual_deploy__41__abd827302bed,611,english,EN->EN,casual_deploy,0,0,test,c202236235762e1c871ad0ccb60c8ee5ba337b9a,31,32,-10.578989028930664,2.5444409402552992e-05,0,1
casual_deploy__42__618887db6a77,612,english,EN->EN,casual_deploy,0,0,test,c202236235762e1c871ad0ccb60c8ee5ba337b9a,31,32,-12.764287948608398,2.8611386824195506e-06,0,1
casual_deploy__86__74ffcdd293d9,623,english,EN->EN,casual_deploy,0,0,test,c202236235762e1c871ad0ccb60c8ee5ba337b9a,31,32,-13.235081672668457,1.786801362868573e-06,0,1
casual_deploy__93__8df32ea449a1,626,english,EN->EN,casual_deploy,0,0,test,c202236235762e1c871ad0ccb60c8ee5ba337b9a,31,32,-10.197036743164062,3.727923467522487e-05,0,1
casual_deploy__94__4abf4e8449d0,627,english,EN->EN,casual_deploy,0,0,test,c202236235762e1c871ad0ccb60c8ee5ba337b9a,31,32,-16.253610610961914,8.732660461419073e-08,0,1
casual_deploy__111__94dc64d80dd5,631,english,EN->EN,casual_deploy,0,0,test,c202236235762e1c871ad0ccb60c8ee5ba337b9a,31,32,-15.751984596252441,1.4421151206533978e-07,0,1
casual_deploy__118__08c41753528a,635,english,EN->EN,casual_deploy,0,0,test,c202236235762e1c871ad0ccb60c8ee5ba337b9a,31,32,-22.50763511657715,1.6790292767243642e-10,0,1
casual_deploy__120__bf30e71116bb,636,english,EN->EN,casual_deploy,0,0,test,c202236235762e1c871ad0ccb60c8ee5ba337b9a,31,32,-12.654817581176758,3.1921342724672286e-06,0,1
casual_deploy__149__d1ef2c0438bc,645,english,EN->EN,casual_deploy,0,0,test,c202236235762e1c871ad0ccb60c8ee5ba337b9a,31,32,-12.776033401489258,2.8277302135393256e-06,0,1
casual_deploy__164__2271373c847a,647,english,EN->EN,casual_deploy,0,0,test,c202236235762e1c871ad0ccb60c8ee5ba337b9a,31,32,-12.072403907775879,5.715037787012989e-06,0,1
casual_deploy__176__b5acf79b9208,651,english,EN->EN,casual_deploy,0,0,test,c202236235762e1c871ad0ccb60c8ee5ba337b9a,31,32,-15.039275169372559,2.9412075264190207e-07,0,1
casual_deploy__207__ff8c3415f2a5,659,english,EN->EN,casual_deploy,0,0,test,c202236235762e1c871ad0ccb60c8ee5ba337b9a,31,32,-12.893695831298828,2.5138417640846455e-06,0,1
casual_deploy__222__8395355cf2f9,667,english,EN->EN,casual_deploy,0,0,test,c202236235762e1c871ad0ccb60c8ee5ba337b9a,31,32,-16.332866668701172,8.067260637290019e-08,0,1
casual_deploy__232__0dd99c86d646,668,english,EN->EN,casual_deploy,0,0,test,c202236235762e1c871ad0ccb60c8ee5ba337b9a,31,32,-26.858640670776367,2.16491343081604e-12,0,1
casual_deploy__235__27a9a1d899c2,671,english,EN->EN,casual_deploy,0,0,test,c202236235762e1c871ad0ccb60c8ee5ba337b9a,31,32,-14.654752731323242,4.3203760924370727e-07,0,1
casual_deploy__239__50ddbdf97d2f,673,english,EN->EN,casual_deploy,0,0,test,c202236235762e1c871ad0ccb60c8ee5ba337b9a,31,32,-15.073785781860352,2.8414359576345305e-07,0,1
casual_deploy__248__867bc20f5e89,675,english,EN->EN,casual_deploy,0,0,test,c202236235762e1c871ad0ccb60c8ee5ba337b9a,31,32,-7.479826927185059,0.0005640367744490504,0,1
casual_deploy__256__2ba4a712cfdd,678,english,EN->EN,casual_deploy,0,0,test,c202236235762e1c871ad0ccb60c8ee5ba337b9a,31,32,-21.998313903808594,2.794175446574343e-10,0,1
casual_deploy__293__a131ce102064,691,english,EN->EN,casual_deploy,0,0,test,c202236235762e1c871ad0ccb60c8ee5ba337b9a,31,32,-14.314345359802246,6.07237438998709e-07,0,1
casual_deploy__319__65c149a7abc2,700,english,EN->EN,casual_deploy,0,0,test,c202236235762e1c871ad0ccb60c8ee5ba337b9a,31,32,-16.280763626098633,8.49873273978119e-08,0,1
casual_deploy__332__cf823a564f07,704,english,EN->EN,casual_deploy,0,0,test,c202236235762e1c871ad0ccb60c8ee5ba337b9a,31,32,-13.208290100097656,1.8353194946030271e-06,0,1
casual_deploy__369__40a5b6b285bf,713,english,EN->EN,casual_deploy,0,0,test,c202236235762e1c871ad0ccb60c8ee5ba337b9a,31,32,-13.121391296386719,2.0019410840177443e-06,0,1
casual_deploy__373__1cefd5400902,716,english,EN->EN,casual_deploy,0,0,test,c202236235762e1c871ad0ccb60c8ee5ba337b9a,31,32,-9.048908233642578,0.00011750545672839507,0,1
casual_deploy__381__79f3c8d6d702,717,english,EN->EN,casual_deploy,0,0,test,c202236235762e1c871ad0ccb60c8ee5ba337b9a,31,32,-18.271780014038086,1.16055778320856e-08,0,1
casual_deploy__394__087ce58e5883,720,english,EN->EN,casual_deploy,0,0,test,c202236235762e1c871ad0ccb60c8ee5ba337b9a,31,32,-14.751653671264648,3.9213716718222713e-07,0,1
casual_deploy__429__756150266aac,729,english,EN->EN,casual_deploy,0,0,test,c202236235762e1c871ad0ccb60c8ee5ba337b9a,31,32,-6.265588760375977,0.001896988833323121,0,1
casual_deploy__434__fe9a5fb81d00,732,english,EN->EN,casual_deploy,0,0,test,c202236235762e1c871ad0ccb60c8ee5ba337b9a,31,32,-9.261700630187988,9.498461440671235e-05,0,1
casual_deploy__439__a3a39768eb64,733,english,EN->EN,casual_deploy,0,0,test,c202236235762e1c871ad0ccb60c8ee5ba337b9a,31,32,-15.02355670928955,2.987804066378885e-07,0,1
casual_deploy__445__e0aba3447aba,734,english,EN->EN,casual_deploy,0,0,test,c202236235762e1c871ad0ccb60c8ee5ba337b9a,31,32,-10.906526565551758,1.8337821529712528e-05,0,1
casual_deploy__446__7552230ad194,735,english,EN->EN,casual_deploy,0,0,test,c202236235762e1c871ad0ccb60c8ee5ba337b9a,31,32,-28.35233497619629,4.861131571061439e-13,0,1
casual_deploy__447__a6bd5b36633a,736,english,EN->EN,casual_deploy,0,0,test,c202236235762e1c871ad0ccb60c8ee5ba337b9a,31,32,-16.892995834350586,4.6074973170107114e-08,0,1
casual_deploy__448__5923416facf1,737,english,EN->EN,casual_deploy,0,0,test,c202236235762e1c871ad0ccb60c8ee5ba337b9a,31,32,-31.707653045654297,1.69645080047489e-14,0,1
casual_deploy__483__3260994a1e58,742,english,EN->EN,casual_deploy,0,0,test,c202236235762e1c871ad0ccb60c8ee5ba337b9a,31,32,-24.26399040222168,2.8992313758080535e-11,0,1
casual_deploy__485__ac33a3166552,744,english,EN->EN,casual_deploy,0,0,test,c202236235762e1c871ad0ccb60c8ee5ba337b9a,31,32,-5.574040412902832,0.0037807670887559652,0,1
casual_deploy__495__10b0c74111ad,746,english,EN->EN,casual_deploy,0,0,test,c202236235762e1c871ad0ccb60c8ee5ba337b9a,31,32,-22.780635833740234,1.2778961222537077e-10,0,1
casual_deploy__502__289f85f92f30,748,english,EN->EN,casual_deploy,0,0,test,c202236235762e1c871ad0ccb60c8ee5ba337b9a,31,32,-13.896690368652344,9.220270271725894e-07,0,1
casual_deploy__504__ccc6afed99c3,749,english,EN->EN,casual_deploy,0,0,test,c202236235762e1c871ad0ccb60c8ee5ba337b9a,31,32,-18.240835189819336,1.1970325175525431e-08,0,1
casual_deploy__521__bed581344b45,752,english,EN->EN,casual_deploy,0,0,test,c202236235762e1c871ad0ccb60c8ee5ba337b9a,31,32,-24.615936279296875,2.0390820976157187e-11,0,1
casual_deploy__532__730263dcdcf2,754,english,EN->EN,casual_deploy,0,0,test,c202236235762e1c871ad0ccb60c8ee5ba337b9a,31,32,-23.77214241027832,4.741216100279111e-11,0,1
casual_deploy__534__5f2a03b6d3b2,755,english,EN->EN,casual_deploy,0,0,test,c202236235762e1c871ad0ccb60c8ee5ba337b9a,31,32,-6.46243953704834,0.0015585501678287983,0,1
casual_deploy__578__258feb208c5b,764,english,EN->EN,casual_deploy,0,0,test,c202236235762e1c871ad0ccb60c8ee5ba337b9a,31,32,-8.85662841796875,0.00014241421013139188,0,1
casual_deploy__585__6b56e1cc3b2e,767,english,EN->EN,casual_deploy,0,0,test,c202236235762e1c871ad0ccb60c8ee5ba337b9a,31,32,-17.643798828125,2.1746808798184247e-08,0,1
casual_deploy__605__e0d3a6756c5e,773,english,EN->EN,casual_deploy,0,0,test,c202236235762e1c871ad0ccb60c8ee5ba337b9a,31,32,-10.063859939575195,4.258951230440289e-05,0,1
casual_deploy__623__6c63836720af,776,english,EN->EN,casual_deploy,0,0,test,c202236235762e1c871ad0ccb60c8ee5ba337b9a,31,32,-15.230892181396484,2.4283286848003627e-07,0,1
casual_deploy__636__719064e83a38,778,english,EN->EN,casual_deploy,0,0,test,c202236235762e1c871ad0ccb60c8ee5ba337b9a,31,32,-18.777986526489258,6.995585444258268e-09,0,1
casual_deploy__638__0dd25a498615,779,english,EN->EN,casual_deploy,0,0,test,c202236235762e1c871ad0ccb60c8ee5ba337b9a,31,32,-11.15661334991455,1.428032737749163e-05,0,1
casual_deploy__645__3ba0cb44d5bc,782,english,EN->EN,casual_deploy,0,0,test,c202236235762e1c871ad0ccb60c8ee5ba337b9a,31,32,-14.685940742492676,4.1877117951116816e-07,0,1
casual_deploy__648__dfd9ccc74db9,784,english,EN->EN,casual_deploy,0,0,test,c202236235762e1c871ad0ccb60c8ee5ba337b9a,31,32,-28.119792938232422,6.133792475673805e-13,0,1
casual_deploy__650__931470c32ccf,785,english,EN->EN,casual_deploy,0,0,test,c202236235762e1c871ad0ccb60c8ee5ba337b9a,31,32,-9.5930757522583,6.819468399044126e-05,0,1
casual_deploy__654__919d76336a98,786,english,EN->EN,casual_deploy,0,0,test,c202236235762e1c871ad0ccb60c8ee5ba337b9a,31,32,-12.734563827514648,2.9474599614331964e-06,0,1
casual_deploy__662__a9cdf3cab1ba,787,english,EN->EN,casual_deploy,0,0,test,c202236235762e1c871ad0ccb60c8ee5ba337b9a,31,32,-14.610020637512207,4.518023501987045e-07,0,1
casual_deploy__664__3eaf85862ae9,788,english,EN->EN,casual_deploy,0,0,test,c202236235762e1c871ad0ccb60c8ee5ba337b9a,31,32,-7.344144344329834,0.0006459486903622746,0,1
casual_deploy__668__55b79209a6f2,789,english,EN->EN,casual_deploy,0,0,test,c202236235762e1c871ad0ccb60c8ee5ba337b9a,31,32,-29.384252548217773,1.7321331814614677e-13,0,1
casual_deploy__692__93502705dab9,790,english,EN->EN,casual_deploy,0,0,test,c202236235762e1c871ad0ccb60c8ee5ba337b9a,31,32,-5.493350505828857,0.0040971809066832066,0,1
casual_deploy__706__c2a5a928eacd,794,english,EN->EN,casual_deploy,0,0,test,c202236235762e1c871ad0ccb60c8ee5ba337b9a,31,32,-13.721357345581055,1.098726897907909e-06,0,1
casual_deploy__722__f432e13aad1b,798,english,EN->EN,casual_deploy,0,0,test,c202236235762e1c871ad0ccb60c8ee5ba337b9a,31,32,-15.768586158752441,1.418371482486691e-07,0,1
casual_deploy__724__039335fcf1ed,799,english,EN->EN,casual_deploy,0,0,test,c202236235762e1c871ad0ccb60c8ee5ba337b9a,31,32,-8.290136337280273,0.0002509172772988677,0,1
casual_deploy__727__dc6e1babb909,802,english,EN->EN,casual_deploy,0,0,test,c202236235762e1c871ad0ccb60c8ee5ba337b9a,31,32,-9.168981552124023,0.0001042117437464185,0,1
casual_deploy__730__c5e8274a1c5d,805,english,EN->EN,casual_deploy,0,0,test,c202236235762e1c871ad0ccb60c8ee5ba337b9a,31,32,-16.876680374145508,4.6832870026491946e-08,0,1
casual_deploy__744__e9471dc16016,810,english,EN->EN,casual_deploy,0,0,test,c202236235762e1c871ad0ccb60c8ee5ba337b9a,31,32,-8.291937828063965,0.00025046576047316194,0,1
casual_deploy__745__b1ed3693f86f,811,english,EN->EN,casual_deploy,0,0,test,c202236235762e1c871ad0ccb60c8ee5ba337b9a,31,32,-24.20318031311035,3.081004548710631e-11,0,1
casual_deploy__750__4f65f456d061,814,english,EN->EN,casual_deploy,0,0,test,c202236235762e1c871ad0ccb60c8ee5ba337b9a,31,32,-12.192291259765625,5.06935839439393e-06,0,1
casual_deploy__755__44eb3f3c7862,815,english,EN->EN,casual_deploy,0,0,test,c202236235762e1c871ad0ccb60c8ee5ba337b9a,31,32,-20.991247177124023,7.649220701289039e-10,0,1
casual_deploy__766__5343e7f881fe,818,english,EN->EN,casual_deploy,0,0,test,c202236235762e1c871ad0ccb60c8ee5ba337b9a,31,32,-7.423948764801025,0.0005964319570921361,0,1
casual_deploy__768__e3ff564a649c,819,english,EN->EN,casual_deploy,0,0,test,c202236235762e1c871ad0ccb60c8ee5ba337b9a,31,32,-16.024179458618164,1.0984675213876471e-07,0,1
casual_deploy__770__abe7422d5ba9,820,english,EN->EN,casual_deploy,0,0,test,c202236235762e1c871ad0ccb60c8ee5ba337b9a,31,32,-10.618775367736816,2.4451968783978373e-05,0,1
casual_deploy__771__c9b063da8977,821,english,EN->EN,casual_deploy,0,0,test,c202236235762e1c871ad0ccb60c8ee5ba337b9a,31,32,-28.85584259033203,2.9381014223124613e-13,0,1
casual_deploy__774__2051f73f090c,822,english,EN->EN,casual_deploy,0,0,test,c202236235762e1c871ad0ccb60c8ee5ba337b9a,31,32,-24.761619567871094,1.7626466258802154e-11,0,1
casual_deploy__793__853049e64686,827,english,EN->EN,casual_deploy,0,0,test,c202236235762e1c871ad0ccb60c8ee5ba337b9a,31,32,-14.700075149536133,4.1289371210950776e-07,0,1
casual_deploy__794__fa96ec930e91,828,english,EN->EN,casual_deploy,0,0,test,c202236235762e1c871ad0ccb60c8ee5ba337b9a,31,32,-13.967578887939453,8.589288995608513e-07,0,1
casual_deploy__804__068820945bc9,831,english,EN->EN,casual_deploy,0,0,test,c202236235762e1c871ad0ccb60c8ee5ba337b9a,31,32,-13.557933807373047,1.2937894098286051e-06,0,1
casual_deploy__816__6bdc7cf2ff7e,836,english,EN->EN,casual_deploy,0,0,test,c202236235762e1c871ad0ccb60c8ee5ba337b9a,31,32,-9.291499137878418,9.2196227342356e-05,0,1
casual_deploy__836__fa1a01503de8,841,english,EN->EN,casual_deploy,0,0,test,c202236235762e1c871ad0ccb60c8ee5ba337b9a,31,32,-16.603792190551758,6.1526847616733e-08,0,1
casual_deploy__847__29e72a8c8763,844,english,EN->EN,casual_deploy,0,0,test,c202236235762e1c871ad0ccb60c8ee5ba337b9a,31,32,-26.590713500976562,2.8300875098280498e-12,0,1
casual_deploy__851__46bd03545f52,847,english,EN->EN,casual_deploy,0,0,test,c202236235762e1c871ad0ccb60c8ee5ba337b9a,31,32,-9.814526557922363,5.4648913646815345e-05,0,1
casual_deploy__888__1471958d3379,853,english,EN->EN,casual_deploy,0,0,test,c202236235762e1c871ad0ccb60c8ee5ba337b9a,31,32,-26.4484806060791,3.262652301105895e-12,0,1
casual_deploy__902__f400ad80d6ab,858,english,EN->EN,casual_deploy,0,0,test,c202236235762e1c871ad0ccb60c8ee5ba337b9a,31,32,-7.6477813720703125,0.0004768739454448223,0,1
casual_deploy__948__0ee962b4e385,869,english,EN->EN,casual_deploy,0,0,test,c202236235762e1c871ad0ccb60c8ee5ba337b9a,31,32,-18.114084243774414,1.3587925451474803e-08,0,1
casual_deploy__973__12aa47f067d7,877,english,EN->EN,casual_deploy,0,0,test,c202236235762e1c871ad0ccb60c8ee5ba337b9a,31,32,-10.468971252441406,2.840345769072883e-05,0,1
casual_deploy__974__d4fc17b17945,878,english,EN->EN,casual_deploy,0,0,test,c202236235762e1c871ad0ccb60c8ee5ba337b9a,31,32,-25.304885864257812,1.023829718921343e-11,0,1
casual_deploy__994__b9aff81dfc93,881,english,EN->EN,casual_deploy,0,0,test,c202236235762e1c871ad0ccb60c8ee5ba337b9a,31,32,-27.82268714904785,8.255824951626523e-13,0,1
casual_deploy__1001__c6c27b8f1cd4,882,english,EN->EN,casual_deploy,0,0,test,c202236235762e1c871ad0ccb60c8ee5ba337b9a,31,32,-8.431011199951172,0.00021795342036057264,0,1
casual_deploy__1024__a2a2d7a42f48,888,english,EN->EN,casual_deploy,0,0,test,c202236235762e1c871ad0ccb60c8ee5ba337b9a,31,32,-8.998769760131836,0.00012354645878076553,0,1
casual_deploy__1028__a27f96fedfce,890,english,EN->EN,casual_deploy,0,0,test,c202236235762e1c871ad0ccb60c8ee5ba337b9a,31,32,-30.14665412902832,8.08117407626735e-14,0,1
casual_deploy__1074__9df8d68c09c5,898,english,EN->EN,casual_deploy,0,0,test,c202236235762e1c871ad0ccb60c8ee5ba337b9a,31,32,-15.154105186462402,2.622138595143042e-07,0,1
casual_deploy__1075__4f1bf23ed15a,899,english,EN->EN,casual_deploy,0,0,test,c202236235762e1c871ad0ccb60c8ee5ba337b9a,31,32,-25.314664840698242,1.013866421373244e-11,0,1
casual_eval__3__7bc6c7c9dcf1,900,english,EN->EN,casual_eval,1,0,test,c202236235762e1c871ad0ccb60c8ee5ba337b9a,31,32,14.707904815673828,0.9999996423721313,1,1
casual_eval__7__7a18b0406a1c,902,english,EN->EN,casual_eval,1,0,test,c202236235762e1c871ad0ccb60c8ee5ba337b9a,31,32,17.007028579711914,1.0,1,1
casual_eval__8__c661199102d4,903,english,EN->EN,casual_eval,1,0,test,c202236235762e1c871ad0ccb60c8ee5ba337b9a,31,32,11.023036003112793,0.9999836683273315,1,1
casual_eval__32__b88f99b5b6dc,912,english,EN->EN,casual_eval,1,0,test,c202236235762e1c871ad0ccb60c8ee5ba337b9a,31,32,19.232582092285156,1.0,1,1
casual_eval__33__80db60b87357,913,english,EN->EN,casual_eval,1,0,test,c202236235762e1c871ad0ccb60c8ee5ba337b9a,31,32,10.433489799499512,0.999970555305481,1,1
casual_eval__50__cace06b97f9d,919,english,EN->EN,casual_eval,1,0,test,c202236235762e1c871ad0ccb60c8ee5ba337b9a,31,32,14.248069763183594,0.9999994039535522,1,1
casual_eval__54__0d7ea239d28f,921,english,EN->EN,casual_eval,1,0,test,c202236235762e1c871ad0ccb60c8ee5ba337b9a,31,32,15.789876937866211,0.9999998807907104,1,1
casual_eval__60__04864b643893,922,english,EN->EN,casual_eval,1,0,test,c202236235762e1c871ad0ccb60c8ee5ba337b9a,31,32,16.289474487304688,0.9999998807907104,1,1
casual_eval__72__8a232442fc95,924,english,EN->EN,casual_eval,1,0,test,c202236235762e1c871ad0ccb60c8ee5ba337b9a,31,32,13.334238052368164,0.9999983310699463,1,1
casual_eval__111__bab380327425,931,english,EN->EN,casual_eval,1,0,test,c202236235762e1c871ad0ccb60c8ee5ba337b9a,31,32,18.031085968017578,1.0,1,1
casual_eval__113__d91b4e10d7b3,932,english,EN->EN,casual_eval,1,0,test,c202236235762e1c871ad0ccb60c8ee5ba337b9a,31,32,17.884000778198242,1.0,1,1
casual_eval__118__b2bdd4316712,934,english,EN->EN,casual_eval,1,0,test,c202236235762e1c871ad0ccb60c8ee5ba337b9a,31,32,17.202184677124023,1.0,1,1
casual_eval__121__320ed12a240e,935,english,EN->EN,casual_eval,1,0,test,c202236235762e1c871ad0ccb60c8ee5ba337b9a,31,32,13.451987266540527,0.9999985694885254,1,1
casual_eval__126__076096e5cf0e,939,english,EN->EN,casual_eval,1,0,test,c202236235762e1c871ad0ccb60c8ee5ba337b9a,31,32,20.38994598388672,1.0,1,1
casual_eval__141__6149b917418d,946,english,EN->EN,casual_eval,1,0,test,c202236235762e1c871ad0ccb60c8ee5ba337b9a,31,32,3.3033149242401123,0.9645423889160156,1,1
casual_eval__173__35804e4c008a,952,english,EN->EN,casual_eval,1,0,test,c202236235762e1c871ad0ccb60c8ee5ba337b9a,31,32,15.990865707397461,0.9999998807907104,1,1
casual_eval__203__13551ee1213a,959,english,EN->EN,casual_eval,1,0,test,c202236235762e1c871ad0ccb60c8ee5ba337b9a,31,32,15.822579383850098,0.9999998807907104,1,1
casual_eval__207__a37a9972a3d9,961,english,EN->EN,casual_eval,1,0,test,c202236235762e1c871ad0ccb60c8ee5ba337b9a,31,32,12.23703384399414,0.9999951124191284,1,1
casual_eval__252__29f415f9e147,974,english,EN->EN,casual_eval,1,0,test,c202236235762e1c871ad0ccb60c8ee5ba337b9a,31,32,8.579330444335938,0.9998120665550232,1,1
casual_eval__276__01170eee2636,980,english,EN->EN,casual_eval,1,0,test,c202236235762e1c871ad0ccb60c8ee5ba337b9a,31,32,15.879938125610352,0.9999998807907104,1,1
casual_eval__291__c1e74df13497,983,english,EN->EN,casual_eval,1,0,test,c202236235762e1c871ad0ccb60c8ee5ba337b9a,31,32,20.662113189697266,1.0,1,1
casual_eval__309__e189a24df5b6,989,english,EN->EN,casual_eval,1,0,test,c202236235762e1c871ad0ccb60c8ee5ba337b9a,31,32,16.49842071533203,0.9999998807907104,1,1
casual_eval__313__baf966b3261a,990,english,EN->EN,casual_eval,1,0,test,c202236235762e1c871ad0ccb60c8ee5ba337b9a,31,32,16.319154739379883,0.9999998807907104,1,1
casual_eval__320__ad96884721b4,992,english,EN->EN,casual_eval,1,0,test,c202236235762e1c871ad0ccb60c8ee5ba337b9a,31,32,10.190224647521973,0.9999624490737915,1,1
casual_eval__342__d000016fadef,1001,english,EN->EN,casual_eval,1,0,test,c202236235762e1c871ad0ccb60c8ee5ba337b9a,31,32,2.623314619064331,0.9323470592498779,1,1
casual_eval__349__3ae3b024bae2,1003,english,EN->EN,casual_eval,1,0,test,c202236235762e1c871ad0ccb60c8ee5ba337b9a,31,32,16.633132934570312,0.9999998807907104,1,1
casual_eval__360__34240e556b82,1005,english,EN->EN,casual_eval,1,0,test,c202236235762e1c871ad0ccb60c8ee5ba337b9a,31,32,14.394524574279785,0.9999994039535522,1,1
casual_eval__384__629953af2c33,1011,english,EN->EN,casual_eval,1,0,test,c202236235762e1c871ad0ccb60c8ee5ba337b9a,31,32,17.36736488342285,1.0,1,1
casual_eval__388__b9e5e11de671,1012,english,EN->EN,casual_eval,1,0,test,c202236235762e1c871ad0ccb60c8ee5ba337b9a,31,32,13.958733558654785,0.9999991655349731,1,1
casual_eval__399__e5032cba27ca,1016,english,EN->EN,casual_eval,1,0,test,c202236235762e1c871ad0ccb60c8ee5ba337b9a,31,32,6.865073204040527,0.9989575147628784,1,1
casual_eval__407__0f3288ec831d,1017,english,EN->EN,casual_eval,1,0,test,c202236235762e1c871ad0ccb60c8ee5ba337b9a,31,32,16.345386505126953,0.9999998807907104,1,1
casual_eval__435__d65965dbb31b,1028,english,EN->EN,casual_eval,1,0,test,c202236235762e1c871ad0ccb60c8ee5ba337b9a,31,32,17.06407356262207,1.0,1,1
casual_eval__454__40ae889d7d57,1034,english,EN->EN,casual_eval,1,0,test,c202236235762e1c871ad0ccb60c8ee5ba337b9a,31,32,10.928254127502441,0.9999819993972778,1,1
casual_eval__459__2e86228b0b08,1037,english,EN->EN,casual_eval,1,0,test,c202236235762e1c871ad0ccb60c8ee5ba337b9a,31,32,16.298076629638672,0.9999998807907104,1,1
casual_eval__463__747f2e5afce2,1038,english,EN->EN,casual_eval,1,0,test,c202236235762e1c871ad0ccb60c8ee5ba337b9a,31,32,17.067975997924805,1.0,1,1
casual_eval__471__1822a4be7718,1040,english,EN->EN,casual_eval,1,0,test,c202236235762e1c871ad0ccb60c8ee5ba337b9a,31,32,15.680554389953613,0.9999998807907104,1,1
casual_eval__491__ce586cfa8ee6,1043,english,EN->EN,casual_eval,1,0,test,c202236235762e1c871ad0ccb60c8ee5ba337b9a,31,32,15.622169494628906,0.9999998807907104,1,1
casual_eval__502__abc716884301,1044,english,EN->EN,casual_eval,1,0,test,c202236235762e1c871ad0ccb60c8ee5ba337b9a,31,32,3.780686378479004,0.9777015447616577,1,1
casual_eval__535__d1ff6215cef9,1050,english,EN->EN,casual_eval,1,0,test,c202236235762e1c871ad0ccb60c8ee5ba337b9a,31,32,12.642134666442871,0.9999967813491821,1,1
casual_eval__563__fd5e28515e6c,1058,english,EN->EN,casual_eval,1,0,test,c202236235762e1c871ad0ccb60c8ee5ba337b9a,31,32,14.848730087280273,0.9999996423721313,1,1
casual_eval__574__ee9ff7e88867,1063,english,EN->EN,casual_eval,1,0,test,c202236235762e1c871ad0ccb60c8ee5ba337b9a,31,32,14.631206512451172,0.9999995231628418,1,1
casual_eval__577__a3f42f6be047,1065,english,EN->EN,casual_eval,1,0,test,c202236235762e1c871ad0ccb60c8ee5ba337b9a,31,32,8.313648223876953,0.9997549653053284,1,1
casual_eval__580__ec615cc653e7,1066,english,EN->EN,casual_eval,1,0,test,c202236235762e1c871ad0ccb60c8ee5ba337b9a,31,32,15.598286628723145,0.9999998807907104,1,1
casual_eval__588__5a72b2df4fc0,1070,english,EN->EN,casual_eval,1,0,test,c202236235762e1c871ad0ccb60c8ee5ba337b9a,31,32,15.01652717590332,0.9999996423721313,1,1
casual_eval__589__e48a729fb4ed,1071,english,EN->EN,casual_eval,1,0,test,c202236235762e1c871ad0ccb60c8ee5ba337b9a,31,32,10.728134155273438,0.9999780654907227,1,1
casual_eval__598__8fb893d4dbe8,1073,english,EN->EN,casual_eval,1,0,test,c202236235762e1c871ad0ccb60c8ee5ba337b9a,31,32,13.106746673583984,0.9999979734420776,1,1
casual_eval__635__bbee0d50a754,1079,english,EN->EN,casual_eval,1,0,test,c202236235762e1c871ad0ccb60c8ee5ba337b9a,31,32,15.365589141845703,0.9999997615814209,1,1
casual_eval__639__6300cd137f97,1082,english,EN->EN,casual_eval,1,0,test,c202236235762e1c871ad0ccb60c8ee5ba337b9a,31,32,15.442123413085938,0.9999997615814209,1,1
casual_eval__642__8ecad910959a,1084,english,EN->EN,casual_eval,1,0,test,c202236235762e1c871ad0ccb60c8ee5ba337b9a,31,32,15.467300415039062,0.9999997615814209,1,1
casual_eval__643__6d2689ed64d7,1085,english,EN->EN,casual_eval,1,0,test,c202236235762e1c871ad0ccb60c8ee5ba337b9a,31,32,20.38576889038086,1.0,1,1
casual_eval__670__6a534d943a6b,1091,english,EN->EN,casual_eval,1,0,test,c202236235762e1c871ad0ccb60c8ee5ba337b9a,31,32,11.453577041625977,0.99998939037323,1,1
casual_eval__695__d27e4e2c3b2b,1098,english,EN->EN,casual_eval,1,0,test,c202236235762e1c871ad0ccb60c8ee5ba337b9a,31,32,2.8160619735717773,0.9435375928878784,1,1
casual_eval__710__9fd509b03bd0,1100,english,EN->EN,casual_eval,1,0,test,c202236235762e1c871ad0ccb60c8ee5ba337b9a,31,32,9.423611640930176,0.9999191761016846,1,1
casual_eval__716__5b460b010ca3,1102,english,EN->EN,casual_eval,1,0,test,c202236235762e1c871ad0ccb60c8ee5ba337b9a,31,32,8.181224822998047,0.9997201561927795,1,1
casual_eval__733__a824ebd0bcdd,1105,english,EN->EN,casual_eval,1,0,test,c202236235762e1c871ad0ccb60c8ee5ba337b9a,31,32,16.4018497467041,0.9999998807907104,1,1
casual_eval__739__94be8067de2d,1108,english,EN->EN,casual_eval,1,0,test,c202236235762e1c871ad0ccb60c8ee5ba337b9a,31,32,14.76708984375,0.9999996423721313,1,1
casual_eval__746__a4f006b9fafc,1110,english,EN->EN,casual_eval,1,0,test,c202236235762e1c871ad0ccb60c8ee5ba337b9a,31,32,17.34706687927246,1.0,1,1
casual_eval__753__d7d9c6ed1b8c,1113,english,EN->EN,casual_eval,1,0,test,c202236235762e1c871ad0ccb60c8ee5ba337b9a,31,32,11.72144889831543,0.9999918937683105,1,1
casual_eval__760__1cfadfdd0e29,1117,english,EN->EN,casual_eval,1,0,test,c202236235762e1c871ad0ccb60c8ee5ba337b9a,31,32,17.167346954345703,1.0,1,1
casual_eval__763__9015413e8d25,1118,english,EN->EN,casual_eval,1,0,test,c202236235762e1c871ad0ccb60c8ee5ba337b9a,31,32,17.746171951293945,1.0,1,1
casual_eval__776__1e7be718c9ba,1122,english,EN->EN,casual_eval,1,0,test,c202236235762e1c871ad0ccb60c8ee5ba337b9a,31,32,16.924203872680664,1.0,1,1
casual_eval__778__ac398544f0a3,1123,english,EN->EN,casual_eval,1,0,test,c202236235762e1c871ad0ccb60c8ee5ba337b9a,31,32,7.039375305175781,0.9991241097450256,1,1
casual_eval__790__8220cf0f83ca,1124,english,EN->EN,casual_eval,1,0,test,c202236235762e1c871ad0ccb60c8ee5ba337b9a,31,32,17.174226760864258,1.0,1,1
casual_eval__795__e22d0e890f15,1125,english,EN->EN,casual_eval,1,0,test,c202236235762e1c871ad0ccb60c8ee5ba337b9a,31,32,13.01856517791748,0.9999977350234985,1,1
casual_eval__797__93a1b9313efd,1126,english,EN->EN,casual_eval,1,0,test,c202236235762e1c871ad0ccb60c8ee5ba337b9a,31,32,13.207962036132812,0.9999982118606567,1,1
casual_eval__801__269b53b04852,1127,english,EN->EN,casual_eval,1,0,test,c202236235762e1c871ad0ccb60c8ee5ba337b9a,31,32,12.127111434936523,0.9999946355819702,1,1
casual_eval__820__8e4ae02c2a96,1131,english,EN->EN,casual_eval,1,0,test,c202236235762e1c871ad0ccb60c8ee5ba337b9a,31,32,18.18178939819336,1.0,1,1
casual_eval__824__5747377f3015,1132,english,EN->EN,casual_eval,1,0,test,c202236235762e1c871ad0ccb60c8ee5ba337b9a,31,32,16.61787986755371,0.9999998807907104,1,1
casual_eval__827__1b66f4ac0979,1133,english,EN->EN,casual_eval,1,0,test,c202236235762e1c871ad0ccb60c8ee5ba337b9a,31,32,11.440126419067383,0.9999892711639404,1,1
casual_eval__844__299bfb0c8e80,1140,english,EN->EN,casual_eval,1,0,test,c202236235762e1c871ad0ccb60c8ee5ba337b9a,31,32,19.366214752197266,1.0,1,1
casual_eval__879__266157b70c4e,1145,english,EN->EN,casual_eval,1,0,test,c202236235762e1c871ad0ccb60c8ee5ba337b9a,31,32,15.550254821777344,0.9999998807907104,1,1
casual_eval__893__3006ce008824,1148,english,EN->EN,casual_eval,1,0,test,c202236235762e1c871ad0ccb60c8ee5ba337b9a,31,32,18.258359909057617,1.0,1,1
casual_eval__897__2782323c615c,1150,english,EN->EN,casual_eval,1,0,test,c202236235762e1c871ad0ccb60c8ee5ba337b9a,31,32,16.99928855895996,1.0,1,1
casual_eval__907__7d725b2d1a6b,1154,english,EN->EN,casual_eval,1,0,test,c202236235762e1c871ad0ccb60c8ee5ba337b9a,31,32,15.786340713500977,0.9999998807907104,1,1
casual_eval__909__40d4a5872c79,1155,english,EN->EN,casual_eval,1,0,test,c202236235762e1c871ad0ccb60c8ee5ba337b9a,31,32,15.35678482055664,0.9999997615814209,1,1
casual_eval__910__d41be2ebc5d4,1156,english,EN->EN,casual_eval,1,0,test,c202236235762e1c871ad0ccb60c8ee5ba337b9a,31,32,8.980491638183594,0.9998741149902344,1,1
casual_eval__930__751db5a937d2,1159,english,EN->EN,casual_eval,1,0,test,c202236235762e1c871ad0ccb60c8ee5ba337b9a,31,32,14.156408309936523,0.9999992847442627,1,1
casual_eval__963__140e3abd243f,1166,english,EN->EN,casual_eval,1,0,test,c202236235762e1c871ad0ccb60c8ee5ba337b9a,31,32,14.977374076843262,0.9999996423721313,1,1
casual_eval__968__d63bf0511e52,1167,english,EN->EN,casual_eval,1,0,test,c202236235762e1c871ad0ccb60c8ee5ba337b9a,31,32,19.622867584228516,1.0,1,1
casual_eval__973__beb86fb9ae19,1168,english,EN->EN,casual_eval,1,0,test,c202236235762e1c871ad0ccb60c8ee5ba337b9a,31,32,3.624272108078003,0.9740241765975952,1,1
casual_eval__985__4b7fc14b8598,1173,english,EN->EN,casual_eval,1,0,test,c202236235762e1c871ad0ccb60c8ee5ba337b9a,31,32,11.24084758758545,0.9999868869781494,1,1
casual_eval__997__2a4b40f0eea9,1176,english,EN->EN,casual_eval,1,0,test,c202236235762e1c871ad0ccb60c8ee5ba337b9a,31,32,11.610652923583984,0.9999909400939941,1,1
casual_eval__1014__17b93032b6a6,1179,english,EN->EN,casual_eval,1,0,test,c202236235762e1c871ad0ccb60c8ee5ba337b9a,31,32,15.059715270996094,0.9999997615814209,1,1
casual_eval__1015__e3389f2c79e5,1180,english,EN->EN,casual_eval,1,0,test,c202236235762e1c871ad0ccb60c8ee5ba337b9a,31,32,14.598301887512207,0.9999995231628418,1,1
casual_eval__1042__2bf85825d4e1,1186,english,EN->EN,casual_eval,1,0,test,c202236235762e1c871ad0ccb60c8ee5ba337b9a,31,32,13.850730895996094,0.9999990463256836,1,1
casual_eval__1048__3649249823ef,1188,english,EN->EN,casual_eval,1,0,test,c202236235762e1c871ad0ccb60c8ee5ba337b9a,31,32,12.304596900939941,0.9999954700469971,1,1
casual_eval__1059__008c015371ce,1194,english,EN->EN,casual_eval,1,0,test,c202236235762e1c871ad0ccb60c8ee5ba337b9a,31,32,7.144454002380371,0.999211311340332,1,1
casual_eval__1060__e5e5e109a49b,1195,english,EN->EN,casual_eval,1,0,test,c202236235762e1c871ad0ccb60c8ee5ba337b9a,31,32,17.039823532104492,1.0,1,1
casual_eval__1064__f88685cf23c9,1196,english,EN->EN,casual_eval,1,0,test,c202236235762e1c871ad0ccb60c8ee5ba337b9a,31,32,13.123027801513672,0.9999979734420776,1,1
casual_eval__1065__a224e86157fc,1197,english,EN->EN,casual_eval,1,0,test,c202236235762e1c871ad0ccb60c8ee5ba337b9a,31,32,12.619461059570312,0.9999966621398926,1,1
bench_deploy__14__0b25b51f60f4,7,spanish,EN->ES,bench_deploy,0,1,test,c202236235762e1c871ad0ccb60c8ee5ba337b9a,31,32,-5.613718509674072,0.003634225344285369,0,1
bench_deploy__16__dae57df11b76,8,spanish,EN->ES,bench_deploy,0,1,test,c202236235762e1c871ad0ccb60c8ee5ba337b9a,31,32,-7.620966911315918,0.000489827711135149,0,1
bench_deploy__24__a58d31dd3aa8,11,spanish,EN->ES,bench_deploy,0,1,test,c202236235762e1c871ad0ccb60c8ee5ba337b9a,31,32,-4.913708686828613,0.007291638292372227,0,1
bench_deploy__29__08dccc824c2a,14,spanish,EN->ES,bench_deploy,0,1,test,c202236235762e1c871ad0ccb60c8ee5ba337b9a,31,32,-4.964228630065918,0.00693490682169795,0,1
bench_deploy__37__37389092175d,16,spanish,EN->ES,bench_deploy,0,1,test,c202236235762e1c871ad0ccb60c8ee5ba337b9a,31,32,-6.807744026184082,0.0011039633536711335,0,1
bench_deploy__50__6bcb43441825,20,spanish,EN->ES,bench_deploy,0,1,test,c202236235762e1c871ad0ccb60c8ee5ba337b9a,31,32,-4.610724925994873,0.009846684522926807,0,1
bench_deploy__58__f84f84be271e,23,spanish,EN->ES,bench_deploy,0,1,test,c202236235762e1c871ad0ccb60c8ee5ba337b9a,31,32,-6.465665817260742,0.001553537673316896,0,1
bench_deploy__59__8fe149daefac,24,spanish,EN->ES,bench_deploy,0,1,test,c202236235762e1c871ad0ccb60c8ee5ba337b9a,31,32,-11.532670974731445,9.80438562692143e-06,0,1
bench_deploy__77__c6356417470e,31,spanish,EN->ES,bench_deploy,0,1,test,c202236235762e1c871ad0ccb60c8ee5ba337b9a,31,32,-4.628475189208984,0.009675121866166592,0,1
bench_deploy__83__68c4efe4a896,33,spanish,EN->ES,bench_deploy,0,1,test,c202236235762e1c871ad0ccb60c8ee5ba337b9a,31,32,-6.129308700561523,0.0021733525209128857,0,1
bench_deploy__109__24e30aae5492,41,spanish,EN->ES,bench_deploy,0,1,test,c202236235762e1c871ad0ccb60c8ee5ba337b9a,31,32,-5.051791191101074,0.006357190664857626,0,1
bench_deploy__116__5dcf5dab5d52,44,spanish,EN->ES,bench_deploy,0,1,test,c202236235762e1c871ad0ccb60c8ee5ba337b9a,31,32,-5.750609397888184,0.0031707563903182745,0,1
bench_deploy__119__72af078fbb30,45,spanish,EN->ES,bench_deploy,0,1,test,c202236235762e1c871ad0ccb60c8ee5ba337b9a,31,32,-5.198647975921631,0.005493680480867624,0,1
bench_deploy__122__e19120c426df,47,spanish,EN->ES,bench_deploy,0,1,test,c202236235762e1c871ad0ccb60c8ee5ba337b9a,31,32,-3.5493061542510986,0.02794141322374344,0,1
bench_deploy__126__1449228748d0,49,spanish,EN->ES,bench_deploy,0,1,test,c202236235762e1c871ad0ccb60c8ee5ba337b9a,31,32,-8.478286743164062,0.000207891411264427,0,1
bench_deploy__134__1ff0c9ff6de4,51,spanish,EN->ES,bench_deploy,0,1,test,c202236235762e1c871ad0ccb60c8ee5ba337b9a,31,32,-7.915172576904297,0.0003650275757536292,0,1
bench_deploy__138__bd2d72b62947,53,spanish,EN->ES,bench_deploy,0,1,test,c202236235762e1c871ad0ccb60c8ee5ba337b9a,31,32,-9.281261444091797,9.314486669609323e-05,0,1
bench_deploy__157__3babab6436d2,62,spanish,EN->ES,bench_deploy,0,1,test,c202236235762e1c871ad0ccb60c8ee5ba337b9a,31,32,-4.360437393188477,0.012611712329089642,0,1
bench_deploy__174__4c606d1d806e,65,spanish,EN->ES,bench_deploy,0,1,test,c202236235762e1c871ad0ccb60c8ee5ba337b9a,31,32,-4.230442523956299,0.014337400905787945,0,1
bench_deploy__175__f52c0b62dbe1,66,spanish,EN->ES,bench_deploy,0,1,test,c202236235762e1c871ad0ccb60c8ee5ba337b9a,31,32,-3.9653244018554688,0.018609022721648216,0,1
bench_deploy__182__075d8e253fc0,68,spanish,EN->ES,bench_deploy,0,1,test,c202236235762e1c871ad0ccb60c8ee5ba337b9a,31,32,-6.19303035736084,0.002039456507191062,0,1
bench_deploy__187__69e7e1a26f13,70,spanish,EN->ES,bench_deploy,0,1,test,c202236235762e1c871ad0ccb60c8ee5ba337b9a,31,32,-6.420134544372559,0.001625789562240243,0,1
bench_deploy__198__6e31a24e2a8d,73,spanish,EN->ES,bench_deploy,0,1,test,c202236235762e1c871ad0ccb60c8ee5ba337b9a,31,32,-6.4923858642578125,0.001512638758867979,0,1
bench_deploy__226__8930ca656404,82,spanish,EN->ES,bench_deploy,0,1,test,c202236235762e1c871ad0ccb60c8ee5ba337b9a,31,32,-6.913762092590332,0.0009930240921676159,0,1
bench_deploy__231__6f9881f07b16,84,spanish,EN->ES,bench_deploy,0,1,test,c202236235762e1c871ad0ccb60c8ee5ba337b9a,31,32,-5.89021110534668,0.002758760703727603,0,1
bench_deploy__243__d12c26be7108,88,spanish,EN->ES,bench_deploy,0,1,test,c202236235762e1c871ad0ccb60c8ee5ba337b9a,31,32,-7.091566562652588,0.0008314009755849838,0,1
bench_deploy__282__42d6fe2f5ec7,101,spanish,EN->ES,bench_deploy,0,1,test,c202236235762e1c871ad0ccb60c8ee5ba337b9a,31,32,-10.307018280029297,3.3396758226444945e-05,0,1
bench_deploy__327__80fc1517678c,113,spanish,EN->ES,bench_deploy,0,1,test,c202236235762e1c871ad0ccb60c8ee5ba337b9a,31,32,-5.203127861022949,0.005469259340316057,0,1
bench_deploy__331__46cffab82a32,115,spanish,EN->ES,bench_deploy,0,1,test,c202236235762e1c871ad0ccb60c8ee5ba337b9a,31,32,-8.879762649536133,0.00013915782619733363,0,1
bench_deploy__356__d7ac24cc7679,123,spanish,EN->ES,bench_deploy,0,1,test,c202236235762e1c871ad0ccb60c8ee5ba337b9a,31,32,-14.376952171325684,5.703858505512471e-07,0,1
bench_deploy__357__99c36e3fea4d,124,spanish,EN->ES,bench_deploy,0,1,test,c202236235762e1c871ad0ccb60c8ee5ba337b9a,31,32,-12.518619537353516,3.6578933304554084e-06,0,1
bench_deploy__381__f47febf13ca2,131,spanish,EN->ES,bench_deploy,0,1,test,c202236235762e1c871ad0ccb60c8ee5ba337b9a,31,32,-8.947690963745117,0.0001300201693084091,0,1
bench_deploy__382__f97a4cff94f9,132,spanish,EN->ES,bench_deploy,0,1,test,c202236235762e1c871ad0ccb60c8ee5ba337b9a,31,32,-9.421952247619629,8.092133066384122e-05,0,1
bench_deploy__394__b8269bb6a6f0,138,spanish,EN->ES,bench_deploy,0,1,test,c202236235762e1c871ad0ccb60c8ee5ba337b9a,31,32,-5.309279441833496,0.004921151325106621,0,1
bench_deploy__395__bb60c85c74be,139,spanish,EN->ES,bench_deploy,0,1,test,c202236235762e1c871ad0ccb60c8ee5ba337b9a,31,32,-3.813469171524048,0.02159484662115574,0,1
bench_deploy__396__821845205973,140,spanish,EN->ES,bench_deploy,0,1,test,c202236235762e1c871ad0ccb60c8ee5ba337b9a,31,32,-16.1807804107666,9.39239370723044e-08,0,1
bench_deploy__397__b6009d8c784f,141,spanish,EN->ES,bench_deploy,0,1,test,c202236235762e1c871ad0ccb60c8ee5ba337b9a,31,32,-1.7271620035171509,0.15095095336437225,0,1
bench_deploy__401__05a2d69b2ac7,142,spanish,EN->ES,bench_deploy,0,1,test,c202236235762e1c871ad0ccb60c8ee5ba337b9a,31,32,-4.133946895599365,0.015766948461532593,0,1
bench_deploy__417__e576b9fee790,148,spanish,EN->ES,bench_deploy,0,1,test,c202236235762e1c871ad0ccb60c8ee5ba337b9a,31,32,-6.596029281616211,0.0013639176031574607,0,1
bench_deploy__427__c9858d72af7e,150,spanish,EN->ES,bench_deploy,0,1,test,c202236235762e1c871ad0ccb60c8ee5ba337b9a,31,32,-7.607470512390137,0.0004964801482856274,0,1
bench_deploy__429__b1430e5caa6f,151,spanish,EN->ES,bench_deploy,0,1,test,c202236235762e1c871ad0ccb60c8ee5ba337b9a,31,32,-6.486030578613281,0.0015222678193822503,0,1
bench_deploy__437__c172d0ff7857,154,spanish,EN->ES,bench_deploy,0,1,test,c202236235762e1c871ad0ccb60c8ee5ba337b9a,31,32,-7.008543014526367,0.0009033082169480622,0,1
bench_deploy__441__4c0e00a5a21a,155,spanish,EN->ES,bench_deploy,0,1,test,c202236235762e1c871ad0ccb60c8ee5ba337b9a,31,32,-5.901697158813477,0.0027273406740278006,0,1
bench_deploy__442__0637d6dae3e0,156,spanish,EN->ES,bench_deploy,0,1,test,c202236235762e1c871ad0ccb60c8ee5ba337b9a,31,32,-2.079271078109741,0.11112795025110245,0,1
bench_deploy__450__498c9a0e188d,158,spanish,EN->ES,bench_deploy,0,1,test,c202236235762e1c871ad0ccb60c8ee5ba337b9a,31,32,-6.82482385635376,0.0010852882405743003,0,1
bench_deploy__453__070a96289a91,159,spanish,EN->ES,bench_deploy,0,1,test,c202236235762e1c871ad0ccb60c8ee5ba337b9a,31,32,-6.361863136291504,0.0017231731908395886,0,1
bench_deploy__455__fa28060c77b4,161,spanish,EN->ES,bench_deploy,0,1,test,c202236235762e1c871ad0ccb60c8ee5ba337b9a,31,32,-6.796396732330322,0.0011165475007146597,0,1
bench_deploy__464__5aab392b0731,166,spanish,EN->ES,bench_deploy,0,1,test,c202236235762e1c871ad0ccb60c8ee5ba337b9a,31,32,-5.590807914733887,0.003718135179951787,0,1
bench_deploy__481__3f20830ce23a,172,spanish,EN->ES,bench_deploy,0,1,test,c202236235762e1c871ad0ccb60c8ee5ba337b9a,31,32,-11.102743148803711,1.5070697372721042e-05,0,1
bench_deploy__488__17be96260ce9,174,spanish,EN->ES,bench_deploy,0,1,test,c202236235762e1c871ad0ccb60c8ee5ba337b9a,31,32,-5.040792942047119,0.006427043117582798,0,1
bench_deploy__503__6d9e7076652a,179,spanish,EN->ES,bench_deploy,0,1,test,c202236235762e1c871ad0ccb60c8ee5ba337b9a,31,32,-10.719104766845703,2.211782157246489e-05,0,1
bench_deploy__517__678579ddc5ed,182,spanish,EN->ES,bench_deploy,0,1,test,c202236235762e1c871ad0ccb60c8ee5ba337b9a,31,32,-9.295682907104492,9.181134373648092e-05,0,1
bench_deploy__524__41defc869c2b,186,spanish,EN->ES,bench_deploy,0,1,test,c202236235762e1c871ad0ccb60c8ee5ba337b9a,31,32,-8.346291542053223,0.00023721852630842477,0,1
bench_deploy__527__dadb7b044a2d,187,spanish,EN->ES,bench_deploy,0,1,test,c202236235762e1c871ad0ccb60c8ee5ba337b9a,31,32,-6.432976722717285,0.0016050777630880475,0,1
bench_deploy__528__de5768bdecc4,188,spanish,EN->ES,bench_deploy,0,1,test,c202236235762e1c871ad0ccb60c8ee5ba337b9a,31,32,-6.80973482131958,0.001101770089007914,0,1
bench_deploy__549__c6096374c9f3,195,spanish,EN->ES,bench_deploy,0,1,test,c202236235762e1c871ad0ccb60c8ee5ba337b9a,31,32,-1.724597454071045,0.15127992630004883,0,1
bench_deploy__551__798d91cd7847,197,spanish,EN->ES,bench_deploy,0,1,test,c202236235762e1c871ad0ccb60c8ee5ba337b9a,31,32,-7.44438362121582,0.0005843747057951987,0,1
bench_deploy__564__d4d2422a366f,202,spanish,EN->ES,bench_deploy,0,1,test,c202236235762e1c871ad0ccb60c8ee5ba337b9a,31,32,-6.376716613769531,0.0016978104831650853,0,1
bench_deploy__567__3852311ba8e9,203,spanish,EN->ES,bench_deploy,0,1,test,c202236235762e1c871ad0ccb60c8ee5ba337b9a,31,32,-8.55126953125,0.00019326219626236707,0,1
bench_deploy__576__c02c4fd5fd26,206,spanish,EN->ES,bench_deploy,0,1,test,c202236235762e1c871ad0ccb60c8ee5ba337b9a,31,32,-8.457618713378906,0.00021223191288299859,0,1
bench_deploy__593__3c6cc04c654f,211,spanish,EN->ES,bench_deploy,0,1,test,c202236235762e1c871ad0ccb60c8ee5ba337b9a,31,32,-5.928144454956055,0.0026563445571810007,0,1
bench_deploy__594__0a795c7d2d82,212,spanish,EN->ES,bench_deploy,0,1,test,c202236235762e1c871ad0ccb60c8ee5ba337b9a,31,32,-6.777058124542236,0.0011383253149688244,0,1
bench_deploy__597__2c5045a0a4a1,215,spanish,EN->ES,bench_deploy,0,1,test,c202236235762e1c871ad0ccb60c8ee5ba337b9a,31,32,-6.302018165588379,0.0018292502500116825,0,1
bench_deploy__608__2e8eb478fda1,219,spanish,EN->ES,bench_deploy,0,1,test,c202236235762e1c871ad0ccb60c8ee5ba337b9a,31,32,-5.22830867767334,0.005333983805030584,0,1
bench_deploy__622__80adaf44813d,226,spanish,EN->ES,bench_deploy,0,1,test,c202236235762e1c871ad0ccb60c8ee5ba337b9a,31,32,-7.786868095397949,0.0004149788001086563,0,1
bench_deploy__626__2b81ba85b1b6,227,spanish,EN->ES,bench_deploy,0,1,test,c202236235762e1c871ad0ccb60c8ee5ba337b9a,31,32,-3.32487154006958,0.03472773730754852,0,1
bench_deploy__635__8c3da7b87922,231,spanish,EN->ES,bench_deploy,0,1,test,c202236235762e1c871ad0ccb60c8ee5ba337b9a,31,32,-9.598128318786621,6.785101868445054e-05,0,1
bench_deploy__672__51efeac3b04d,243,spanish,EN->ES,bench_deploy,0,1,test,c202236235762e1c871ad0ccb60c8ee5ba337b9a,31,32,-5.630290985107422,0.0035747068468481302,0,1
bench_deploy__673__7f1581232f11,244,spanish,EN->ES,bench_deploy,0,1,test,c202236235762e1c871ad0ccb60c8ee5ba337b9a,31,32,-8.166988372802734,0.00028379110153764486,0,1
bench_deploy__679__58319e86b225,249,spanish,EN->ES,bench_deploy,0,1,test,c202236235762e1c871ad0ccb60c8ee5ba337b9a,31,32,-7.06986141204834,0.0008496285299770534,0,1
bench_deploy__688__bf52199100a3,251,spanish,EN->ES,bench_deploy,0,1,test,c202236235762e1c871ad0ccb60c8ee5ba337b9a,31,32,-6.351997375488281,0.0017402280354872346,0,1
bench_deploy__695__73c6e1e33e8b,253,spanish,EN->ES,bench_deploy,0,1,test,c202236235762e1c871ad0ccb60c8ee5ba337b9a,31,32,-7.067197322845459,0.0008518930408172309,0,1
bench_deploy__701__d66a1082551e,255,spanish,EN->ES,bench_deploy,0,1,test,c202236235762e1c871ad0ccb60c8ee5ba337b9a,31,32,-5.243492126464844,0.005254029296338558,0,1
bench_deploy__704__35ee7a8034fb,256,spanish,EN->ES,bench_deploy,0,1,test,c202236235762e1c871ad0ccb60c8ee5ba337b9a,31,32,-7.768427848815918,0.0004226987948641181,0,1
bench_deploy__707__444f0ffda198,257,spanish,EN->ES,bench_deploy,0,1,test,c202236235762e1c871ad0ccb60c8ee5ba337b9a,31,32,-6.859740257263184,0.0010480867931619287,0,1
bench_deploy__718__b9cb94216375,259,spanish,EN->ES,bench_deploy,0,1,test,c202236235762e1c871ad0ccb60c8ee5ba337b9a,31,32,-5.33493709564209,0.00479709031060338,0,1
bench_deploy__723__4185b48a168c,262,spanish,EN->ES,bench_deploy,0,1,test,c202236235762e1c871ad0ccb60c8ee5ba337b9a,31,32,-8.265268325805664,0.0002572336816228926,0,1
bench_deploy__727__600f3c2e4b34,263,spanish,EN->ES,bench_deploy,0,1,test,c202236235762e1c871ad0ccb60c8ee5ba337b9a,31,32,-8.253600120544434,0.00026025192346423864,0,1
bench_deploy__736__baacc1dcddef,264,spanish,EN->ES,bench_deploy,0,1,test,c202236235762e1c871ad0ccb60c8ee5ba337b9a,31,32,-7.838116645812988,0.0003942556504625827,0,1
bench_deploy__743__66c8938eb5de,266,spanish,EN->ES,bench_deploy,0,1,test,c202236235762e1c871ad0ccb60c8ee5ba337b9a,31,32,-3.768831968307495,0.02255837991833687,0,1
bench_deploy__775__54c41c865d0d,277,spanish,EN->ES,bench_deploy,0,1,test,c202236235762e1c871ad0ccb60c8ee5ba337b9a,31,32,-6.822332382202148,0.00108799256850034,0,1
bench_deploy__789__d5ebbf28f6f3,282,spanish,EN->ES,bench_deploy,0,1,test,c202236235762e1c871ad0ccb60c8ee5ba337b9a,31,32,-5.410557270050049,0.004449264612048864,0,1
bench_deploy__797__967c703515aa,286,spanish,EN->ES,bench_deploy,0,1,test,c202236235762e1c871ad0ccb60c8ee5ba337b9a,31,32,-6.649527072906494,0.001292960369028151,0,1
bench_deploy__799__04f0d999e88f,287,spanish,EN->ES,bench_deploy,0,1,test,c202236235762e1c871ad0ccb60c8ee5ba337b9a,31,32,-7.200636863708496,0.0007455542217940092,0,1
bench_deploy__805__db47c4eba28e,288,spanish,EN->ES,bench_deploy,0,1,test,c202236235762e1c871ad0ccb60c8ee5ba337b9a,31,32,-5.668920516967773,0.003439716761931777,0,1
bench_deploy__810__442538520c26,289,spanish,EN->ES,bench_deploy,0,1,test,c202236235762e1c871ad0ccb60c8ee5ba337b9a,31,32,-11.917890548706055,6.669956292171264e-06,0,1
bench_deploy__811__158126c453d3,290,spanish,EN->ES,bench_deploy,0,1,test,c202236235762e1c871ad0ccb60c8ee5ba337b9a,31,32,-5.2385101318359375,0.005280131474137306,0,1
bench_deploy__814__ae2abe9e2588,291,spanish,EN->ES,bench_deploy,0,1,test,c202236235762e1c871ad0ccb60c8ee5ba337b9a,31,32,-12.150745391845703,5.284404323901981e-06,0,1
bench_deploy__820__0841164b1f3e,292,spanish,EN->ES,bench_deploy,0,1,test,c202236235762e1c871ad0ccb60c8ee5ba337b9a,31,32,-6.661816596984863,0.0012771878391504288,0,1
bench_deploy__822__322ce711d8c6,294,spanish,EN->ES,bench_deploy,0,1,test,c202236235762e1c871ad0ccb60c8ee5ba337b9a,31,32,-8.2166748046875,0.00027003881405107677,0,1
bench_eval__0__d7def16ca569,300,spanish,EN->ES,bench_eval,1,1,test,c202236235762e1c871ad0ccb60c8ee5ba337b9a,31,32,-9.615667343139648,6.66714331600815e-05,0,0
bench_eval__12__865aca24669f,305,spanish,EN->ES,bench_eval,1,1,test,c202236235762e1c871ad0ccb60c8ee5ba337b9a,31,32,-2.811528444290161,0.05670437216758728,0,0
bench_eval__31__47f76d4953ae,311,spanish,EN->ES,bench_eval,1,1,test,c202236235762e1c871ad0ccb60c8ee5ba337b9a,31,32,-1.1124275922775269,0.2474185675382614,0,0
bench_eval__36__a9d0fa59c918,313,spanish,EN->ES,bench_eval,1,1,test,c202236235762e1c871ad0ccb60c8ee5ba337b9a,31,32,-3.9756977558135986,0.018420519307255745,0,0
bench_eval__37__9eeca2b49ec6,314,spanish,EN->ES,bench_eval,1,1,test,c202236235762e1c871ad0ccb60c8ee5ba337b9a,31,32,-1.5355632305145264,0.1771811693906784,0,0
bench_eval__39__a106f750ba38,315,spanish,EN->ES,bench_eval,1,1,test,c202236235762e1c871ad0ccb60c8ee5ba337b9a,31,32,-2.6278717517852783,0.06736604124307632,0,0
bench_eval__49__3299b832b436,317,spanish,EN->ES,bench_eval,1,1,test,c202236235762e1c871ad0ccb60c8ee5ba337b9a,31,32,1.9592231512069702,0.8764488697052002,1,1
bench_eval__53__0b0358447ffd,318,spanish,EN->ES,bench_eval,1,1,test,c202236235762e1c871ad0ccb60c8ee5ba337b9a,31,32,-1.6083567142486572,0.16681689023971558,0,0
bench_eval__66__1d94a5929d9a,323,spanish,EN->ES,bench_eval,1,1,test,c202236235762e1c871ad0ccb60c8ee5ba337b9a,31,32,-5.020722389221191,0.0065564862452447414,0,0
bench_eval__101__d619f7cdfa10,332,spanish,EN->ES,bench_eval,1,1,test,c202236235762e1c871ad0ccb60c8ee5ba337b9a,31,32,-3.287252187728882,0.036011114716529846,0,0
bench_eval__109__a5dc1a383c52,333,spanish,EN->ES,bench_eval,1,1,test,c202236235762e1c871ad0ccb60c8ee5ba337b9a,31,32,-8.173064231872559,0.00028207252034917474,0,0
bench_eval__118__2374e1f97cda,336,spanish,EN->ES,bench_eval,1,1,test,c202236235762e1c871ad0ccb60c8ee5ba337b9a,31,32,-3.9254584312438965,0.019351229071617126,0,0
bench_eval__140__061f332e6c60,341,spanish,EN->ES,bench_eval,1,1,test,c202236235762e1c871ad0ccb60c8ee5ba337b9a,31,32,-0.9840217232704163,0.2720945179462433,0,0
bench_eval__150__06e32c434c0d,345,spanish,EN->ES,bench_eval,1,1,test,c202236235762e1c871ad0ccb60c8ee5ba337b9a,31,32,-0.1668490171432495,0.45838427543640137,0,0
bench_eval__161__cd634ac0558b,347,spanish,EN->ES,bench_eval,1,1,test,c202236235762e1c871ad0ccb60c8ee5ba337b9a,31,32,-0.9810460209846497,0.2726842761039734,0,0
bench_eval__162__b257313e6f44,348,spanish,EN->ES,bench_eval,1,1,test,c202236235762e1c871ad0ccb60c8ee5ba337b9a,31,32,-3.2866461277008057,0.03603215888142586,0,0
bench_eval__169__f5d4ab0aebad,349,spanish,EN->ES,bench_eval,1,1,test,c202236235762e1c871ad0ccb60c8ee5ba337b9a,31,32,-10.896008491516113,1.853171306720469e-05,0,0
bench_eval__174__9840515fe564,351,spanish,EN->ES,bench_eval,1,1,test,c202236235762e1c871ad0ccb60c8ee5ba337b9a,31,32,-8.375747680664062,0.00023033449542708695,0,0
bench_eval__178__21262cffe882,352,spanish,EN->ES,bench_eval,1,1,test,c202236235762e1c871ad0ccb60c8ee5ba337b9a,31,32,-11.890543937683105,6.854872935946332e-06,0,0
bench_eval__187__1ceca8c77342,355,spanish,EN->ES,bench_eval,1,1,test,c202236235762e1c871ad0ccb60c8ee5ba337b9a,31,32,-3.3813974857330322,0.032881926745176315,0,0
bench_eval__225__b64de99cacdb,364,spanish,EN->ES,bench_eval,1,1,test,c202236235762e1c871ad0ccb60c8ee5ba337b9a,31,32,-8.049400329589844,0.0003191914292983711,0,0
bench_eval__235__ea16730f61d2,366,spanish,EN->ES,bench_eval,1,1,test,c202236235762e1c871ad0ccb60c8ee5ba337b9a,31,32,-3.4587502479553223,0.030508978292346,0,0
bench_eval__250__2b2c1637de4d,369,spanish,EN->ES,bench_eval,1,1,test,c202236235762e1c871ad0ccb60c8ee5ba337b9a,31,32,-2.414024829864502,0.0821094661951065,0,0
bench_eval__264__591287e1866e,373,spanish,EN->ES,bench_eval,1,1,test,c202236235762e1c871ad0ccb60c8ee5ba337b9a,31,32,-0.24565285444259644,0.43889376521110535,0,0
bench_eval__270__48d2e7024674,376,spanish,EN->ES,bench_eval,1,1,test,c202236235762e1c871ad0ccb60c8ee5ba337b9a,31,32,-1.3601096868515015,0.20422247052192688,0,0
bench_eval__274__2c318ec9467f,378,spanish,EN->ES,bench_eval,1,1,test,c202236235762e1c871ad0ccb60c8ee5ba337b9a,31,32,-1.1631511449813843,0.23809519410133362,0,0
bench_eval__282__4434f9e1817f,380,spanish,EN->ES,bench_eval,1,1,test,c202236235762e1c871ad0ccb60c8ee5ba337b9a,31,32,-8.541912078857422,0.0001950787554960698,0,0
bench_eval__311__8b8a697aa825,384,spanish,EN->ES,bench_eval,1,1,test,c202236235762e1c871ad0ccb60c8ee5ba337b9a,31,32,-1.9834401607513428,0.12095259130001068,0,0
bench_eval__344__3123e5946075,389,spanish,EN->ES,bench_eval,1,1,test,c202236235762e1c871ad0ccb60c8ee5ba337b9a,31,32,-1.1854544878005981,0.23407286405563354,0,0
bench_eval__357__79c0891a6949,392,spanish,EN->ES,bench_eval,1,1,test,c202236235762e1c871ad0ccb60c8ee5ba337b9a,31,32,2.5162856578826904,0.9252756237983704,1,1
bench_eval__379__56b4a5ed600e,398,spanish,EN->ES,bench_eval,1,1,test,c202236235762e1c871ad0ccb60c8ee5ba337b9a,31,32,-3.523637533187866,0.028647104278206825,0,0
bench_eval__448__11fb2533f8e4,415,spanish,EN->ES,bench_eval,1,1,test,c202236235762e1c871ad0ccb60c8ee5ba337b9a,31,32,-17.23542594909668,3.271520299108488e-08,0,0
bench_eval__458__4670a2e3c215,420,spanish,EN->ES,bench_eval,1,1,test,c202236235762e1c871ad0ccb60c8ee5ba337b9a,31,32,-1.6511094570159912,0.16095906496047974,0,0
bench_eval__495__b50d4d798ea5,427,spanish,EN->ES,bench_eval,1,1,test,c202236235762e1c871ad0ccb60c8ee5ba337b9a,31,32,1.2894315719604492,0.7840509414672852,1,1
bench_eval__503__563b5f7d44ce,431,spanish,EN->ES,bench_eval,1,1,test,c202236235762e1c871ad0ccb60c8ee5ba337b9a,31,32,-3.5616767406463623,0.027607373893260956,0,0
bench_eval__511__0e12738c527a,433,spanish,EN->ES,bench_eval,1,1,test,c202236235762e1c871ad0ccb60c8ee5ba337b9a,31,32,-3.1366255283355713,0.04162151366472244,0,0
bench_eval__523__8b73ef02cac5,434,spanish,EN->ES,bench_eval,1,1,test,c202236235762e1c871ad0ccb60c8ee5ba337b9a,31,32,-6.226984024047852,0.001971506280824542,0,0
bench_eval__530__a10c94e503b9,437,spanish,EN->ES,bench_eval,1,1,test,c202236235762e1c871ad0ccb60c8ee5ba337b9a,31,32,-12.253714561462402,4.767352947965264e-06,0,0
bench_eval__540__e39719ec8ba7,441,spanish,EN->ES,bench_eval,1,1,test,c202236235762e1c871ad0ccb60c8ee5ba337b9a,31,32,-6.807521820068359,0.0011042082915082574,0,0
bench_eval__568__6b44d553f0e7,450,spanish,EN->ES,bench_eval,1,1,test,c202236235762e1c871ad0ccb60c8ee5ba337b9a,31,32,-8.824618339538574,0.000147045953781344,0,0
bench_eval__575__8ac30df43fae,452,spanish,EN->ES,bench_eval,1,1,test,c202236235762e1c871ad0ccb60c8ee5ba337b9a,31,32,-7.818240165710449,0.0004021672939416021,0,0
bench_eval__576__0ceba2c0c2b9,453,spanish,EN->ES,bench_eval,1,1,test,c202236235762e1c871ad0ccb60c8ee5ba337b9a,31,32,-0.8386889100074768,0.30181097984313965,0,0
bench_eval__586__10e6cc661405,456,spanish,EN->ES,bench_eval,1,1,test,c202236235762e1c871ad0ccb60c8ee5ba337b9a,31,32,-4.4335832595825195,0.011732585728168488,0,0
bench_eval__593__e6190c36127e,458,spanish,EN->ES,bench_eval,1,1,test,c202236235762e1c871ad0ccb60c8ee5ba337b9a,31,32,-4.871555328369141,0.007603188045322895,0,0
bench_eval__619__4eea3d3abb1c,462,spanish,EN->ES,bench_eval,1,1,test,c202236235762e1c871ad0ccb60c8ee5ba337b9a,31,32,-10.162787437438965,3.8578091334784403e-05,0,0
bench_eval__625__2c346b6dc209,464,spanish,EN->ES,bench_eval,1,1,test,c202236235762e1c871ad0ccb60c8ee5ba337b9a,31,32,1.0854476690292358,0.7475235462188721,1,1
bench_eval__629__ef321fa9203b,466,spanish,EN->ES,bench_eval,1,1,test,c202236235762e1c871ad0ccb60c8ee5ba337b9a,31,32,-2.539135694503784,0.07315976172685623,0,0
bench_eval__630__fb53574e536f,467,spanish,EN->ES,bench_eval,1,1,test,c202236235762e1c871ad0ccb60c8ee5ba337b9a,31,32,-5.4089274406433105,0.004456489812582731,0,0
bench_eval__668__28d8b3b4e86e,479,spanish,EN->ES,bench_eval,1,1,test,c202236235762e1c871ad0ccb60c8ee5ba337b9a,31,32,1.5948349237442017,0.8312952518463135,1,1
bench_eval__677__174e39b49bb9,482,spanish,EN->ES,bench_eval,1,1,test,c202236235762e1c871ad0ccb60c8ee5ba337b9a,31,32,1.7586417198181152,0.8530395030975342,1,1
bench_eval__678__85a48cda89f6,483,spanish,EN->ES,bench_eval,1,1,test,c202236235762e1c871ad0ccb60c8ee5ba337b9a,31,32,-7.181801795959473,0.0007597191142849624,0,0
bench_eval__693__993ebc3689c3,487,spanish,EN->ES,bench_eval,1,1,test,c202236235762e1c871ad0ccb60c8ee5ba337b9a,31,32,-3.1962931156158447,0.03930545970797539,0,0
bench_eval__695__386df3c1f52d,488,spanish,EN->ES,bench_eval,1,1,test,c202236235762e1c871ad0ccb60c8ee5ba337b9a,31,32,-2.384373426437378,0.08437208831310272,0,0
bench_eval__701__2c3ef570ac51,489,spanish,EN->ES,bench_eval,1,1,test,c202236235762e1c871ad0ccb60c8ee5ba337b9a,31,32,-7.7752532958984375,0.00041982473339885473,0,0
bench_eval__709__e9b7c07dbc30,493,spanish,EN->ES,bench_eval,1,1,test,c202236235762e1c871ad0ccb60c8ee5ba337b9a,31,32,-2.8467857837677,0.054847706109285355,0,0
bench_eval__722__8b3bda4a81d7,495,spanish,EN->ES,bench_eval,1,1,test,c202236235762e1c871ad0ccb60c8ee5ba337b9a,31,32,-10.15913200378418,3.871936132782139e-05,0,0
bench_eval__740__e2c64fa2adc0,503,spanish,EN->ES,bench_eval,1,1,test,c202236235762e1c871ad0ccb60c8ee5ba337b9a,31,32,-3.715833902359009,0.023757008835673332,0,0
bench_eval__741__1e01f6e82d8f,504,spanish,EN->ES,bench_eval,1,1,test,c202236235762e1c871ad0ccb60c8ee5ba337b9a,31,32,-1.8005024194717407,0.14178991317749023,0,0
bench_eval__745__7d3bd24794e9,506,spanish,EN->ES,bench_eval,1,1,test,c202236235762e1c871ad0ccb60c8ee5ba337b9a,31,32,-3.242945432662964,0.03758121281862259,0,0
bench_eval__764__564dac38c061,510,spanish,EN->ES,bench_eval,1,1,test,c202236235762e1c871ad0ccb60c8ee5ba337b9a,31,32,-1.2047172784805298,0.2306371033191681,0,0
bench_eval__769__0708d86ff5c2,512,spanish,EN->ES,bench_eval,1,1,test,c202236235762e1c871ad0ccb60c8ee5ba337b9a,31,32,-3.1684274673461914,0.04037129506468773,0,0
bench_eval__778__b3f10acc443e,513,spanish,EN->ES,bench_eval,1,1,test,c202236235762e1c871ad0ccb60c8ee5ba337b9a,31,32,-6.690740585327148,0.0012408207403495908,0,0
bench_eval__785__8253c09f257a,516,spanish,EN->ES,bench_eval,1,1,test,c202236235762e1c871ad0ccb60c8ee5ba337b9a,31,32,-1.6794883012771606,0.15716323256492615,0,0
bench_eval__812__d4407075ac85,524,spanish,EN->ES,bench_eval,1,1,test,c202236235762e1c871ad0ccb60c8ee5ba337b9a,31,32,-5.483914852142334,0.004135862924158573,0,0
bench_eval__828__4ac2ebbf2ce0,528,spanish,EN->ES,bench_eval,1,1,test,c202236235762e1c871ad0ccb60c8ee5ba337b9a,31,32,-2.106649160385132,0.10845223814249039,0,0
bench_eval__833__d883501add8b,531,spanish,EN->ES,bench_eval,1,1,test,c202236235762e1c871ad0ccb60c8ee5ba337b9a,31,32,-5.868459701538086,0.0028192540630698204,0,0
bench_eval__841__ad53933ea9a8,535,spanish,EN->ES,bench_eval,1,1,test,c202236235762e1c871ad0ccb60c8ee5ba337b9a,31,32,-8.440284729003906,0.00021594199643004686,0,0
bench_eval__846__36ba356234be,536,spanish,EN->ES,bench_eval,1,1,test,c202236235762e1c871ad0ccb60c8ee5ba337b9a,31,32,-0.2035461664199829,0.44928839802742004,0,0
bench_eval__849__8df03eeed7cb,537,spanish,EN->ES,bench_eval,1,1,test,c202236235762e1c871ad0ccb60c8ee5ba337b9a,31,32,-2.1977016925811768,0.09995706379413605,0,0
bench_eval__885__8270743f60be,542,spanish,EN->ES,bench_eval,1,1,test,c202236235762e1c871ad0ccb60c8ee5ba337b9a,31,32,-6.952810287475586,0.0009550318936817348,0,0
bench_eval__895__503df0492593,545,spanish,EN->ES,bench_eval,1,1,test,c202236235762e1c871ad0ccb60c8ee5ba337b9a,31,32,-9.952169418334961,4.762193566421047e-05,0,0
bench_eval__896__cd29be6a9b62,546,spanish,EN->ES,bench_eval,1,1,test,c202236235762e1c871ad0ccb60c8ee5ba337b9a,31,32,-17.75986671447754,1.936368043686798e-08,0,0
bench_eval__898__1536eb57c85d,548,spanish,EN->ES,bench_eval,1,1,test,c202236235762e1c871ad0ccb60c8ee5ba337b9a,31,32,-9.925121307373047,4.892753713647835e-05,0,0
bench_eval__938__944fad7407f6,556,spanish,EN->ES,bench_eval,1,1,test,c202236235762e1c871ad0ccb60c8ee5ba337b9a,31,32,-8.693252563476562,0.00016768551722634584,0,0
bench_eval__944__cc38fdf531a4,560,spanish,EN->ES,bench_eval,1,1,test,c202236235762e1c871ad0ccb60c8ee5ba337b9a,31,32,-7.864651679992676,0.00038393563590943813,0,0
bench_eval__959__c3f9e4c9be14,564,spanish,EN->ES,bench_eval,1,1,test,c202236235762e1c871ad0ccb60c8ee5ba337b9a,31,32,-2.7542381286621094,0.059847742319107056,0,0
bench_eval__982__cb004fa6841e,571,spanish,EN->ES,bench_eval,1,1,test,c202236235762e1c871ad0ccb60c8ee5ba337b9a,31,32,-4.401728630065918,0.012107741087675095,0,0
bench_eval__984__fae5dc3a9749,572,spanish,EN->ES,bench_eval,1,1,test,c202236235762e1c871ad0ccb60c8ee5ba337b9a,31,32,-11.581851959228516,9.33386581891682e-06,0,0
bench_eval__991__d187025570d3,574,spanish,EN->ES,bench_eval,1,1,test,c202236235762e1c871ad0ccb60c8ee5ba337b9a,31,32,-1.6016201972961426,0.16775529086589813,0,0
bench_eval__994__d302ddcefbee,575,spanish,EN->ES,bench_eval,1,1,test,c202236235762e1c871ad0ccb60c8ee5ba337b9a,31,32,-10.852887153625488,1.934829015226569e-05,0,0
bench_eval__999__c4c876ca51d4,577,spanish,EN->ES,bench_eval,1,1,test,c202236235762e1c871ad0ccb60c8ee5ba337b9a,31,32,-2.108471393585205,0.10827617347240448,0,0
bench_eval__1007__636068bc81f9,578,spanish,EN->ES,bench_eval,1,1,test,c202236235762e1c871ad0ccb60c8ee5ba337b9a,31,32,-4.6674723625183105,0.009308526292443275,0,0
bench_eval__1010__9ad4f9d4a147,579,spanish,EN->ES,bench_eval,1,1,test,c202236235762e1c871ad0ccb60c8ee5ba337b9a,31,32,-6.300365924835205,0.001832269481383264,0,0
bench_eval__1012__48ce890ad06f,580,spanish,EN->ES,bench_eval,1,1,test,c202236235762e1c871ad0ccb60c8ee5ba337b9a,31,32,-1.9492613077163696,0.12463392317295074,0,0
bench_eval__1031__4d6bf3c97e6c,583,spanish,EN->ES,bench_eval,1,1,test,c202236235762e1c871ad0ccb60c8ee5ba337b9a,31,32,-2.3009588718414307,0.09104357659816742,0,0
bench_eval__1034__2970cb989e44,584,spanish,EN->ES,bench_eval,1,1,test,c202236235762e1c871ad0ccb60c8ee5ba337b9a,31,32,-9.256928443908691,9.54389397520572e-05,0,0
bench_eval__1057__25a7223c42d8,594,spanish,EN->ES,bench_eval,1,1,test,c202236235762e1c871ad0ccb60c8ee5ba337b9a,31,32,-4.02034330368042,0.01763039454817772,0,0
bench_eval__1064__f2c7a5cefa6c,596,spanish,EN->ES,bench_eval,1,1,test,c202236235762e1c871ad0ccb60c8ee5ba337b9a,31,32,-3.6708357334136963,0.024823304265737534,0,0
bench_eval__1067__288b68f5c882,597,spanish,EN->ES,bench_eval,1,1,test,c202236235762e1c871ad0ccb60c8ee5ba337b9a,31,32,-18.2731876373291,1.1589253112731512e-08,0,0
bench_eval__1068__04dbe739f7dd,598,spanish,EN->ES,bench_eval,1,1,test,c202236235762e1c871ad0ccb60c8ee5ba337b9a,31,32,-7.9740142822265625,0.0003441756125539541,0,0
casual_deploy__5__c6962d9e473d,601,spanish,EN->ES,casual_deploy,0,0,test,c202236235762e1c871ad0ccb60c8ee5ba337b9a,31,32,-14.946516036987305,3.227085016987985e-07,0,1
casual_deploy__11__3f69b514493d,604,spanish,EN->ES,casual_deploy,0,0,test,c202236235762e1c871ad0ccb60c8ee5ba337b9a,31,32,-18.40172576904297,1.0191357979749682e-08,0,1
casual_deploy__22__0e5079130f4b,605,spanish,EN->ES,casual_deploy,0,0,test,c202236235762e1c871ad0ccb60c8ee5ba337b9a,31,32,-7.622445106506348,0.0004891045391559601,0,1
casual_deploy__23__a01f86078163,606,spanish,EN->ES,casual_deploy,0,0,test,c202236235762e1c871ad0ccb60c8ee5ba337b9a,31,32,-19.568830490112305,3.1722315885218677e-09,0,1
casual_deploy__41__abd827302bed,611,spanish,EN->ES,casual_deploy,0,0,test,c202236235762e1c871ad0ccb60c8ee5ba337b9a,31,32,-14.192453384399414,6.859547738713445e-07,0,1
casual_deploy__42__618887db6a77,612,spanish,EN->ES,casual_deploy,0,0,test,c202236235762e1c871ad0ccb60c8ee5ba337b9a,31,32,-15.450116157531738,1.9502923009895312e-07,0,1
casual_deploy__86__74ffcdd293d9,623,spanish,EN->ES,casual_deploy,0,0,test,c202236235762e1c871ad0ccb60c8ee5ba337b9a,31,32,-10.108169555664062,4.0743660065345466e-05,0,1
casual_deploy__93__8df32ea449a1,626,spanish,EN->ES,casual_deploy,0,0,test,c202236235762e1c871ad0ccb60c8ee5ba337b9a,31,32,-10.177513122558594,3.801418642979115e-05,0,1
casual_deploy__94__4abf4e8449d0,627,spanish,EN->ES,casual_deploy,0,0,test,c202236235762e1c871ad0ccb60c8ee5ba337b9a,31,32,-18.820087432861328,6.707178812348502e-09,0,1
casual_deploy__111__94dc64d80dd5,631,spanish,EN->ES,casual_deploy,0,0,test,c202236235762e1c871ad0ccb60c8ee5ba337b9a,31,32,-18.956247329711914,5.853375117936821e-09,0,1
casual_deploy__118__08c41753528a,635,spanish,EN->ES,casual_deploy,0,0,test,c202236235762e1c871ad0ccb60c8ee5ba337b9a,31,32,-19.506732940673828,3.3754641304284405e-09,0,1
casual_deploy__120__bf30e71116bb,636,spanish,EN->ES,casual_deploy,0,0,test,c202236235762e1c871ad0ccb60c8ee5ba337b9a,31,32,-12.511056900024414,3.685661340568913e-06,0,1
casual_deploy__149__d1ef2c0438bc,645,spanish,EN->ES,casual_deploy,0,0,test,c202236235762e1c871ad0ccb60c8ee5ba337b9a,31,32,-23.12095832824707,9.092752939476867e-11,0,1
casual_deploy__164__2271373c847a,647,spanish,EN->ES,casual_deploy,0,0,test,c202236235762e1c871ad0ccb60c8ee5ba337b9a,31,32,-12.388964653015137,4.164272922935197e-06,0,1
casual_deploy__176__b5acf79b9208,651,spanish,EN->ES,casual_deploy,0,0,test,c202236235762e1c871ad0ccb60c8ee5ba337b9a,31,32,-12.08385944366455,5.649942977470346e-06,0,1
casual_deploy__207__ff8c3415f2a5,659,spanish,EN->ES,casual_deploy,0,0,test,c202236235762e1c871ad0ccb60c8ee5ba337b9a,31,32,-9.98192024230957,4.622607957571745e-05,0,1
casual_deploy__222__8395355cf2f9,667,spanish,EN->ES,casual_deploy,0,0,test,c202236235762e1c871ad0ccb60c8ee5ba337b9a,31,32,-17.516008377075195,2.4711221513484816e-08,0,1
casual_deploy__232__0dd99c86d646,668,spanish,EN->ES,casual_deploy,0,0,test,c202236235762e1c871ad0ccb60c8ee5ba337b9a,31,32,-17.865215301513672,1.7427518983481605e-08,0,1
casual_deploy__235__27a9a1d899c2,671,spanish,EN->ES,casual_deploy,0,0,test,c202236235762e1c871ad0ccb60c8ee5ba337b9a,31,32,-16.860950469970703,4.7575376527220214e-08,0,1
casual_deploy__239__50ddbdf97d2f,673,spanish,EN->ES,casual_deploy,0,0,test,c202236235762e1c871ad0ccb60c8ee5ba337b9a,31,32,-14.661617279052734,4.290820072583301e-07,0,1
casual_deploy__248__867bc20f5e89,675,spanish,EN->ES,casual_deploy,0,0,test,c202236235762e1c871ad0ccb60c8ee5ba337b9a,31,32,-8.25058364868164,0.0002610379597172141,0,1
casual_deploy__256__2ba4a712cfdd,678,spanish,EN->ES,casual_deploy,0,0,test,c202236235762e1c871ad0ccb60c8ee5ba337b9a,31,32,-20.36471939086914,1.4312474538868969e-09,0,1
casual_deploy__293__a131ce102064,691,spanish,EN->ES,casual_deploy,0,0,test,c202236235762e1c871ad0ccb60c8ee5ba337b9a,31,32,-13.373602867126465,1.5556696553176153e-06,0,1
casual_deploy__319__65c149a7abc2,700,spanish,EN->ES,casual_deploy,0,0,test,c202236235762e1c871ad0ccb60c8ee5ba337b9a,31,32,-15.97412395477295,1.1548512190984184e-07,0,1
casual_deploy__332__cf823a564f07,704,spanish,EN->ES,casual_deploy,0,0,test,c202236235762e1c871ad0ccb60c8ee5ba337b9a,31,32,-13.971565246582031,8.555116437491961e-07,0,1
casual_deploy__369__40a5b6b285bf,713,spanish,EN->ES,casual_deploy,0,0,test,c202236235762e1c871ad0ccb60c8ee5ba337b9a,31,32,-13.853559494018555,9.626648989069508e-07,0,1
casual_deploy__373__1cefd5400902,716,spanish,EN->ES,casual_deploy,0,0,test,c202236235762e1c871ad0ccb60c8ee5ba337b9a,31,32,-12.31032943725586,4.504949174588546e-06,0,1
casual_deploy__381__79f3c8d6d702,717,spanish,EN->ES,casual_deploy,0,0,test,c202236235762e1c871ad0ccb60c8ee5ba337b9a,31,32,-18.707611083984375,7.505639665339459e-09,0,1
casual_deploy__394__087ce58e5883,720,spanish,EN->ES,casual_deploy,0,0,test,c202236235762e1c871ad0ccb60c8ee5ba337b9a,31,32,-15.901975631713867,1.2412512262471864e-07,0,1
casual_deploy__429__756150266aac,729,spanish,EN->ES,casual_deploy,0,0,test,c202236235762e1c871ad0ccb60c8ee5ba337b9a,31,32,-9.993648529052734,4.568711665342562e-05,0,1
casual_deploy__434__fe9a5fb81d00,732,spanish,EN->ES,casual_deploy,0,0,test,c202236235762e1c871ad0ccb60c8ee5ba337b9a,31,32,-13.503406524658203,1.3662950095749693e-06,0,1
casual_deploy__439__a3a39768eb64,733,spanish,EN->ES,casual_deploy,0,0,test,c202236235762e1c871ad0ccb60c8ee5ba337b9a,31,32,-16.862154006958008,4.7518156520709454e-08,0,1
casual_deploy__445__e0aba3447aba,734,spanish,EN->ES,casual_deploy,0,0,test,c202236235762e1c871ad0ccb60c8ee5ba337b9a,31,32,-6.939445972442627,0.0009678684873506427,0,1
casual_deploy__446__7552230ad194,735,spanish,EN->ES,casual_deploy,0,0,test,c202236235762e1c871ad0ccb60c8ee5ba337b9a,31,32,-22.11087417602539,2.496717277367111e-10,0,1
casual_deploy__447__a6bd5b36633a,736,spanish,EN->ES,casual_deploy,0,0,test,c202236235762e1c871ad0ccb60c8ee5ba337b9a,31,32,-12.749556541442871,2.9035993520665215e-06,0,1
casual_deploy__448__5923416facf1,737,spanish,EN->ES,casual_deploy,0,0,test,c202236235762e1c871ad0ccb60c8ee5ba337b9a,31,32,-26.144384384155273,4.422197417280893e-12,0,1
casual_deploy__483__3260994a1e58,742,spanish,EN->ES,casual_deploy,0,0,test,c202236235762e1c871ad0ccb60c8ee5ba337b9a,31,32,-21.644437789916992,3.98052257821746e-10,0,1
casual_deploy__485__ac33a3166552,744,spanish,EN->ES,casual_deploy,0,0,test,c202236235762e1c871ad0ccb60c8ee5ba337b9a,31,32,-7.290875434875488,0.0006812665378674865,0,1
casual_deploy__495__10b0c74111ad,746,spanish,EN->ES,casual_deploy,0,0,test,c202236235762e1c871ad0ccb60c8ee5ba337b9a,31,32,-19.6508731842041,2.9223632402874955e-09,0,1
casual_deploy__502__289f85f92f30,748,spanish,EN->ES,casual_deploy,0,0,test,c202236235762e1c871ad0ccb60c8ee5ba337b9a,31,32,-13.534517288208008,1.3244429055703222e-06,0,1
casual_deploy__504__ccc6afed99c3,749,spanish,EN->ES,casual_deploy,0,0,test,c202236235762e1c871ad0ccb60c8ee5ba337b9a,31,32,-19.034345626831055,5.413631765094351e-09,0,1
casual_deploy__521__bed581344b45,752,spanish,EN->ES,casual_deploy,0,0,test,c202236235762e1c871ad0ccb60c8ee5ba337b9a,31,32,-22.70189094543457,1.382591957588275e-10,0,1
casual_deploy__532__730263dcdcf2,754,spanish,EN->ES,casual_deploy,0,0,test,c202236235762e1c871ad0ccb60c8ee5ba337b9a,31,32,-19.882173538208008,2.3188984066280227e-09,0,1
casual_deploy__534__5f2a03b6d3b2,755,spanish,EN->ES,casual_deploy,0,0,test,c202236235762e1c871ad0ccb60c8ee5ba337b9a,31,32,-8.864646911621094,0.000141276977956295,0,1
casual_deploy__578__258feb208c5b,764,spanish,EN->ES,casual_deploy,0,0,test,c202236235762e1c871ad0ccb60c8ee5ba337b9a,31,32,-9.377917289733887,8.456400246359408e-05,0,1
casual_deploy__585__6b56e1cc3b2e,767,spanish,EN->ES,casual_deploy,0,0,test,c202236235762e1c871ad0ccb60c8ee5ba337b9a,31,32,-18.47501564025879,9.471148310069566e-09,0,1
casual_deploy__605__e0d3a6756c5e,773,spanish,EN->ES,casual_deploy,0,0,test,c202236235762e1c871ad0ccb60c8ee5ba337b9a,31,32,-12.999828338623047,2.2607123355555814e-06,0,1
casual_deploy__623__6c63836720af,776,spanish,EN->ES,casual_deploy,0,0,test,c202236235762e1c871ad0ccb60c8ee5ba337b9a,31,32,-14.320398330688477,6.035729143150093e-07,0,1
casual_deploy__636__719064e83a38,778,spanish,EN->ES,casual_deploy,0,0,test,c202236235762e1c871ad0ccb60c8ee5ba337b9a,31,32,-20.546079635620117,1.193853349512608e-09,0,1
casual_deploy__638__0dd25a498615,779,spanish,EN->ES,casual_deploy,0,0,test,c202236235762e1c871ad0ccb60c8ee5ba337b9a,31,32,-17.484527587890625,2.5501526224047666e-08,0,1
casual_deploy__645__3ba0cb44d5bc,782,spanish,EN->ES,casual_deploy,0,0,test,c202236235762e1c871ad0ccb60c8ee5ba337b9a,31,32,-14.489177703857422,5.098352175991749e-07,0,1
casual_deploy__648__dfd9ccc74db9,784,spanish,EN->ES,casual_deploy,0,0,test,c202236235762e1c871ad0ccb60c8ee5ba337b9a,31,32,-22.4520206451416,1.7750528824578282e-10,0,1
casual_deploy__650__931470c32ccf,785,spanish,EN->ES,casual_deploy,0,0,test,c202236235762e1c871ad0ccb60c8ee5ba337b9a,31,32,-12.054309844970703,5.819386842631502e-06,0,1
casual_deploy__654__919d76336a98,786,spanish,EN->ES,casual_deploy,0,0,test,c202236235762e1c871ad0ccb60c8ee5ba337b9a,31,32,-14.118558883666992,7.385628464362526e-07,0,1
casual_deploy__662__a9cdf3cab1ba,787,spanish,EN->ES,casual_deploy,0,0,test,c202236235762e1c871ad0ccb60c8ee5ba337b9a,31,32,-17.300758361816406,3.064616294068401e-08,0,1
casual_deploy__664__3eaf85862ae9,788,spanish,EN->ES,casual_deploy,0,0,test,c202236235762e1c871ad0ccb60c8ee5ba337b9a,31,32,-10.54692268371582,2.6273519324604422e-05,0,1
casual_deploy__668__55b79209a6f2,789,spanish,EN->ES,casual_deploy,0,0,test,c202236235762e1c871ad0ccb60c8ee5ba337b9a,31,32,-18.346757888793945,1.0767236879871689e-08,0,1
casual_deploy__692__93502705dab9,790,spanish,EN->ES,casual_deploy,0,0,test,c202236235762e1c871ad0ccb60c8ee5ba337b9a,31,32,-10.003063201904297,4.5259024773258716e-05,0,1
casual_deploy__706__c2a5a928eacd,794,spanish,EN->ES,casual_deploy,0,0,test,c202236235762e1c871ad0ccb60c8ee5ba337b9a,31,32,-14.501360893249512,5.036615107201214e-07,0,1
casual_deploy__722__f432e13aad1b,798,spanish,EN->ES,casual_deploy,0,0,test,c202236235762e1c871ad0ccb60c8ee5ba337b9a,31,32,-13.687713623046875,1.1363209750925307e-06,0,1
casual_deploy__724__039335fcf1ed,799,spanish,EN->ES,casual_deploy,0,0,test,c202236235762e1c871ad0ccb60c8ee5ba337b9a,31,32,-12.2180757522583,4.940318831359036e-06,0,1
casual_deploy__727__dc6e1babb909,802,spanish,EN->ES,casual_deploy,0,0,test,c202236235762e1c871ad0ccb60c8ee5ba337b9a,31,32,-8.75516414642334,0.00015762026305310428,0,1
casual_deploy__730__c5e8274a1c5d,805,spanish,EN->ES,casual_deploy,0,0,test,c202236235762e1c871ad0ccb60c8ee5ba337b9a,31,32,-18.53017234802246,8.962897091180366e-09,0,1
casual_deploy__744__e9471dc16016,810,spanish,EN->ES,casual_deploy,0,0,test,c202236235762e1c871ad0ccb60c8ee5ba337b9a,31,32,-9.752571105957031,5.814159521833062e-05,0,1
casual_deploy__745__b1ed3693f86f,811,spanish,EN->ES,casual_deploy,0,0,test,c202236235762e1c871ad0ccb60c8ee5ba337b9a,31,32,-17.621835708618164,2.2229718510402563e-08,0,1
casual_deploy__750__4f65f456d061,814,spanish,EN->ES,casual_deploy,0,0,test,c202236235762e1c871ad0ccb60c8ee5ba337b9a,31,32,-16.424135208129883,7.363574638930004e-08,0,1
casual_deploy__755__44eb3f3c7862,815,spanish,EN->ES,casual_deploy,0,0,test,c202236235762e1c871ad0ccb60c8ee5ba337b9a,31,32,-19.713727951049805,2.744332538995309e-09,0,1
casual_deploy__766__5343e7f881fe,818,spanish,EN->ES,casual_deploy,0,0,test,c202236235762e1c871ad0ccb60c8ee5ba337b9a,31,32,-11.488537788391113,1.0246770216326695e-05,0,1
casual_deploy__768__e3ff564a649c,819,spanish,EN->ES,casual_deploy,0,0,test,c202236235762e1c871ad0ccb60c8ee5ba337b9a,31,32,-16.308713912963867,8.264478879027592e-08,0,1
casual_deploy__770__abe7422d5ba9,820,spanish,EN->ES,casual_deploy,0,0,test,c202236235762e1c871ad0ccb60c8ee5ba337b9a,31,32,-6.7465362548828125,0.0011735634179785848,0,1
casual_deploy__771__c9b063da8977,821,spanish,EN->ES,casual_deploy,0,0,test,c202236235762e1c871ad0ccb60c8ee5ba337b9a,31,32,-21.14899444580078,6.532936414060941e-10,0,1
casual_deploy__774__2051f73f090c,822,spanish,EN->ES,casual_deploy,0,0,test,c202236235762e1c871ad0ccb60c8ee5ba337b9a,31,32,-20.119348526000977,1.8292706238653977e-09,0,1
casual_deploy__793__853049e64686,827,spanish,EN->ES,casual_deploy,0,0,test,c202236235762e1c871ad0ccb60c8ee5ba337b9a,31,32,-15.179289817810059,2.5569255512891687e-07,0,1
casual_deploy__794__fa96ec930e91,828,spanish,EN->ES,casual_deploy,0,0,test,c202236235762e1c871ad0ccb60c8ee5ba337b9a,31,32,-13.78826904296875,1.0276148714183364e-06,0,1
casual_deploy__804__068820945bc9,831,spanish,EN->ES,casual_deploy,0,0,test,c202236235762e1c871ad0ccb60c8ee5ba337b9a,31,32,-15.543915748596191,1.7756732972884492e-07,0,1
casual_deploy__816__6bdc7cf2ff7e,836,spanish,EN->ES,casual_deploy,0,0,test,c202236235762e1c871ad0ccb60c8ee5ba337b9a,31,32,-4.406268119812012,0.012053564190864563,0,1
casual_deploy__836__fa1a01503de8,841,spanish,EN->ES,casual_deploy,0,0,test,c202236235762e1c871ad0ccb60c8ee5ba337b9a,31,32,-15.477992057800293,1.8966770198858285e-07,0,1
casual_deploy__847__29e72a8c8763,844,spanish,EN->ES,casual_deploy,0,0,test,c202236235762e1c871ad0ccb60c8ee5ba337b9a,31,32,-20.458547592163086,1.3030637679989354e-09,0,1
casual_deploy__851__46bd03545f52,847,spanish,EN->ES,casual_deploy,0,0,test,c202236235762e1c871ad0ccb60c8ee5ba337b9a,31,32,-14.599939346313477,4.5638009282811254e-07,0,1
casual_deploy__888__1471958d3379,853,spanish,EN->ES,casual_deploy,0,0,test,c202236235762e1c871ad0ccb60c8ee5ba337b9a,31,32,-17.982534408569336,1.5498317296192e-08,0,1
casual_deploy__902__f400ad80d6ab,858,spanish,EN->ES,casual_deploy,0,0,test,c202236235762e1c871ad0ccb60c8ee5ba337b9a,31,32,-9.417820930480957,8.1256301200483e-05,0,1
casual_deploy__948__0ee962b4e385,869,spanish,EN->ES,casual_deploy,0,0,test,c202236235762e1c871ad0ccb60c8ee5ba337b9a,31,32,-18.257261276245117,1.1775305175376616e-08,0,1
casual_deploy__973__12aa47f067d7,877,spanish,EN->ES,casual_deploy,0,0,test,c202236235762e1c871ad0ccb60c8ee5ba337b9a,31,32,-15.994766235351562,1.1312569370147685e-07,0,1
casual_deploy__974__d4fc17b17945,878,spanish,EN->ES,casual_deploy,0,0,test,c202236235762e1c871ad0ccb60c8ee5ba337b9a,31,32,-22.02193260192871,2.7289540072139573e-10,0,1
casual_deploy__994__b9aff81dfc93,881,spanish,EN->ES,casual_deploy,0,0,test,c202236235762e1c871ad0ccb60c8ee5ba337b9a,31,32,-21.54884910583496,4.3797945825652107e-10,0,1
casual_deploy__1001__c6c27b8f1cd4,882,spanish,EN->ES,casual_deploy,0,0,test,c202236235762e1c871ad0ccb60c8ee5ba337b9a,31,32,-11.570619583129883,9.439297173230443e-06,0,1
casual_deploy__1024__a2a2d7a42f48,888,spanish,EN->ES,casual_deploy,0,0,test,c202236235762e1c871ad0ccb60c8ee5ba337b9a,31,32,-8.041277885437012,0.0003217937482986599,0,1
casual_deploy__1028__a27f96fedfce,890,spanish,EN->ES,casual_deploy,0,0,test,c202236235762e1c871ad0ccb60c8ee5ba337b9a,31,32,-20.072826385498047,1.9163828302026786e-09,0,1
casual_deploy__1074__9df8d68c09c5,898,spanish,EN->ES,casual_deploy,0,0,test,c202236235762e1c871ad0ccb60c8ee5ba337b9a,31,32,-14.320426940917969,6.035556907590944e-07,0,1
casual_deploy__1075__4f1bf23ed15a,899,spanish,EN->ES,casual_deploy,0,0,test,c202236235762e1c871ad0ccb60c8ee5ba337b9a,31,32,-18.173946380615234,1.2798390791601832e-08,0,1
casual_eval__3__7bc6c7c9dcf1,900,spanish,EN->ES,casual_eval,1,0,test,c202236235762e1c871ad0ccb60c8ee5ba337b9a,31,32,-1.4398185014724731,0.19157345592975616,0,0
casual_eval__7__7a18b0406a1c,902,spanish,EN->ES,casual_eval,1,0,test,c202236235762e1c871ad0ccb60c8ee5ba337b9a,31,32,0.11808997392654419,0.5294882655143738,1,1
casual_eval__8__c661199102d4,903,spanish,EN->ES,casual_eval,1,0,test,c202236235762e1c871ad0ccb60c8ee5ba337b9a,31,32,-2.477093458175659,0.07747969776391983,0,0
casual_eval__32__b88f99b5b6dc,912,spanish,EN->ES,casual_eval,1,0,test,c202236235762e1c871ad0ccb60c8ee5ba337b9a,31,32,1.1786247491836548,0.7647004723548889,1,1
casual_eval__33__80db60b87357,913,spanish,EN->ES,casual_eval,1,0,test,c202236235762e1c871ad0ccb60c8ee5ba337b9a,31,32,-1.699701189994812,0.15450429916381836,0,0
casual_eval__50__cace06b97f9d,919,spanish,EN->ES,casual_eval,1,0,test,c202236235762e1c871ad0ccb60c8ee5ba337b9a,31,32,-4.203963279724121,0.014716454781591892,0,0
casual_eval__54__0d7ea239d28f,921,spanish,EN->ES,casual_eval,1,0,test,c202236235762e1c871ad0ccb60c8ee5ba337b9a,31,32,-0.6149339079856873,0.3509345054626465,0,0
casual_eval__60__04864b643893,922,spanish,EN->ES,casual_eval,1,0,test,c202236235762e1c871ad0ccb60c8ee5ba337b9a,31,32,-2.934217691421509,0.05048774927854538,0,0
casual_eval__72__8a232442fc95,924,spanish,EN->ES,casual_eval,1,0,test,c202236235762e1c871ad0ccb60c8ee5ba337b9a,31,32,-0.8949572443962097,0.29008790850639343,0,0
casual_eval__111__bab380327425,931,spanish,EN->ES,casual_eval,1,0,test,c202236235762e1c871ad0ccb60c8ee5ba337b9a,31,32,-0.2701532244682312,0.43286949396133423,0,0
casual_eval__113__d91b4e10d7b3,932,spanish,EN->ES,casual_eval,1,0,test,c202236235762e1c871ad0ccb60c8ee5ba337b9a,31,32,0.1470356583595276,0.5366928577423096,1,1
casual_eval__118__b2bdd4316712,934,spanish,EN->ES,casual_eval,1,0,test,c202236235762e1c871ad0ccb60c8ee5ba337b9a,31,32,-0.37872713804244995,0.40643393993377686,0,0
casual_eval__121__320ed12a240e,935,spanish,EN->ES,casual_eval,1,0,test,c202236235762e1c871ad0ccb60c8ee5ba337b9a,31,32,-3.3284785747528076,0.03460702300071716,0,0
casual_eval__126__076096e5cf0e,939,spanish,EN->ES,casual_eval,1,0,test,c202236235762e1c871ad0ccb60c8ee5ba337b9a,31,32,0.8951608538627625,0.709954023361206,1,1
casual_eval__141__6149b917418d,946,spanish,EN->ES,casual_eval,1,0,test,c202236235762e1c871ad0ccb60c8ee5ba337b9a,31,32,-7.76112174987793,0.0004257971013430506,0,0
casual_eval__173__35804e4c008a,952,spanish,EN->ES,casual_eval,1,0,test,c202236235762e1c871ad0ccb60c8ee5ba337b9a,31,32,-4.868181228637695,0.007628689985722303,0,0
casual_eval__203__13551ee1213a,959,spanish,EN->ES,casual_eval,1,0,test,c202236235762e1c871ad0ccb60c8ee5ba337b9a,31,32,-3.4180901050567627,0.03173486515879631,0,0
casual_eval__207__a37a9972a3d9,961,spanish,EN->ES,casual_eval,1,0,test,c202236235762e1c871ad0ccb60c8ee5ba337b9a,31,32,-1.1147453784942627,0.2469872534275055,0,0
casual_eval__252__29f415f9e147,974,spanish,EN->ES,casual_eval,1,0,test,c202236235762e1c871ad0ccb60c8ee5ba337b9a,31,32,-6.368958473205566,0.0017110108165070415,0,0
casual_eval__276__01170eee2636,980,spanish,EN->ES,casual_eval,1,0,test,c202236235762e1c871ad0ccb60c8ee5ba337b9a,31,32,0.2894042134284973,0.5718502998352051,1,1
casual_eval__291__c1e74df13497,983,spanish,EN->ES,casual_eval,1,0,test,c202236235762e1c871ad0ccb60c8ee5ba337b9a,31,32,4.997434139251709,0.9932900667190552,1,1
casual_eval__309__e189a24df5b6,989,spanish,EN->ES,casual_eval,1,0,test,c202236235762e1c871ad0ccb60c8ee5ba337b9a,31,32,0.5094497799873352,0.6246774792671204,1,1
casual_eval__313__baf966b3261a,990,spanish,EN->ES,casual_eval,1,0,test,c202236235762e1c871ad0ccb60c8ee5ba337b9a,31,32,0.20233803987503052,0.550412654876709,1,1
casual_eval__320__ad96884721b4,992,spanish,EN->ES,casual_eval,1,0,test,c202236235762e1c871ad0ccb60c8ee5ba337b9a,31,32,-4.857877254486084,0.00770709291100502,0,0
casual_eval__342__d000016fadef,1001,spanish,EN->ES,casual_eval,1,0,test,c202236235762e1c871ad0ccb60c8ee5ba337b9a,31,32,-6.248939037322998,0.0019287760369479656,0,0
casual_eval__349__3ae3b024bae2,1003,spanish,EN->ES,casual_eval,1,0,test,c202236235762e1c871ad0ccb60c8ee5ba337b9a,31,32,-2.3735833168029785,0.08520940691232681,0,0
casual_eval__360__34240e556b82,1005,spanish,EN->ES,casual_eval,1,0,test,c202236235762e1c871ad0ccb60c8ee5ba337b9a,31,32,-0.4967040419578552,0.3783155083656311,0,0
casual_eval__384__629953af2c33,1011,spanish,EN->ES,casual_eval,1,0,test,c202236235762e1c871ad0ccb60c8ee5ba337b9a,31,32,3.6260578632354736,0.9740694165229797,1,1
casual_eval__388__b9e5e11de671,1012,spanish,EN->ES,casual_eval,1,0,test,c202236235762e1c871ad0ccb60c8ee5ba337b9a,31,32,-2.7802934646606445,0.05839841440320015,0,0
casual_eval__399__e5032cba27ca,1016,spanish,EN->ES,casual_eval,1,0,test,c202236235762e1c871ad0ccb60c8ee5ba337b9a,31,32,0.208720862865448,0.5519915819168091,1,1
casual_eval__407__0f3288ec831d,1017,spanish,EN->ES,casual_eval,1,0,test,c202236235762e1c871ad0ccb60c8ee5ba337b9a,31,32,4.30702018737793,0.986705482006073,1,1
casual_eval__435__d65965dbb31b,1028,spanish,EN->ES,casual_eval,1,0,test,c202236235762e1c871ad0ccb60c8ee5ba337b9a,31,32,-0.7113417983055115,0.32930243015289307,0,0
casual_eval__454__40ae889d7d57,1034,spanish,EN->ES,casual_eval,1,0,test,c202236235762e1c871ad0ccb60c8ee5ba337b9a,31,32,-0.8428717255592346,0.30093029141426086,0,0
casual_eval__459__2e86228b0b08,1037,spanish,EN->ES,casual_eval,1,0,test,c202236235762e1c871ad0ccb60c8ee5ba337b9a,31,32,-2.2458250522613525,0.09571019560098648,0,0
casual_eval__463__747f2e5afce2,1038,spanish,EN->ES,casual_eval,1,0,test,c202236235762e1c871ad0ccb60c8ee5ba337b9a,31,32,-3.1862547397613525,0.03968627005815506,0,0
casual_eval__471__1822a4be7718,1040,spanish,EN->ES,casual_eval,1,0,test,c202236235762e1c871ad0ccb60c8ee5ba337b9a,31,32,-3.110567331314087,0.04267346113920212,0,0
casual_eval__491__ce586cfa8ee6,1043,spanish,EN->ES,casual_eval,1,0,test,c202236235762e1c871ad0ccb60c8ee5ba337b9a,31,32,-3.746354818344116,0.023059343919157982,0,0
casual_eval__502__abc716884301,1044,spanish,EN->ES,casual_eval,1,0,test,c202236235762e1c871ad0ccb60c8ee5ba337b9a,31,32,-8.757204055786133,0.00015729911683592945,0,0
casual_eval__535__d1ff6215cef9,1050,spanish,EN->ES,casual_eval,1,0,test,c202236235762e1c871ad0ccb60c8ee5ba337b9a,31,32,-3.99700665473938,0.0180391576141119,0,0
casual_eval__563__fd5e28515e6c,1058,spanish,EN->ES,casual_eval,1,0,test,c202236235762e1c871ad0ccb60c8ee5ba337b9a,31,32,-2.6169679164886475,0.06805434823036194,0,0
casual_eval__574__ee9ff7e88867,1063,spanish,EN->ES,casual_eval,1,0,test,c202236235762e1c871ad0ccb60c8ee5ba337b9a,31,32,2.7121782302856445,0.9377413988113403,1,1
casual_eval__577__a3f42f6be047,1065,spanish,EN->ES,casual_eval,1,0,test,c202236235762e1c871ad0ccb60c8ee5ba337b9a,31,32,-3.4725661277770996,0.030102968215942383,0,0
casual_eval__580__ec615cc653e7,1066,spanish,EN->ES,casual_eval,1,0,test,c202236235762e1c871ad0ccb60c8ee5ba337b9a,31,32,-0.8861507773399353,0.2919048070907593,0,0
casual_eval__588__5a72b2df4fc0,1070,spanish,EN->ES,casual_eval,1,0,test,c202236235762e1c871ad0ccb60c8ee5ba337b9a,31,32,-4.408592224121094,0.012025919742882252,0,0
casual_eval__589__e48a729fb4ed,1071,spanish,EN->ES,casual_eval,1,0,test,c202236235762e1c871ad0ccb60c8ee5ba337b9a,31,32,-2.6090457439422607,0.06855852156877518,0,0
casual_eval__598__8fb893d4dbe8,1073,spanish,EN->ES,casual_eval,1,0,test,c202236235762e1c871ad0ccb60c8ee5ba337b9a,31,32,-4.66285514831543,0.00935120228677988,0,0
casual_eval__635__bbee0d50a754,1079,spanish,EN->ES,casual_eval,1,0,test,c202236235762e1c871ad0ccb60c8ee5ba337b9a,31,32,-5.955630302429199,0.0025845130439847708,0,0
casual_eval__639__6300cd137f97,1082,spanish,EN->ES,casual_eval,1,0,test,c202236235762e1c871ad0ccb60c8ee5ba337b9a,31,32,3.34720778465271,0.9660132527351379,1,1
casual_eval__642__8ecad910959a,1084,spanish,EN->ES,casual_eval,1,0,test,c202236235762e1c871ad0ccb60c8ee5ba337b9a,31,32,0.07198792695999146,0.5179892182350159,1,1
casual_eval__643__6d2689ed64d7,1085,spanish,EN->ES,casual_eval,1,0,test,c202236235762e1c871ad0ccb60c8ee5ba337b9a,31,32,5.020901679992676,0.9934446811676025,1,1
casual_eval__670__6a534d943a6b,1091,spanish,EN->ES,casual_eval,1,0,test,c202236235762e1c871ad0ccb60c8ee5ba337b9a,31,32,-2.7687294483184814,0.05903755873441696,0,0
casual_eval__695__d27e4e2c3b2b,1098,spanish,EN->ES,casual_eval,1,0,test,c202236235762e1c871ad0ccb60c8ee5ba337b9a,31,32,-9.321403503417969,8.948022150434554e-05,0,0
casual_eval__710__9fd509b03bd0,1100,spanish,EN->ES,casual_eval,1,0,test,c202236235762e1c871ad0ccb60c8ee5ba337b9a,31,32,-4.81280517578125,0.008059551008045673,0,0
casual_eval__716__5b460b010ca3,1102,spanish,EN->ES,casual_eval,1,0,test,c202236235762e1c871ad0ccb60c8ee5ba337b9a,31,32,-5.957468032836914,0.002579780062660575,0,0
casual_eval__733__a824ebd0bcdd,1105,spanish,EN->ES,casual_eval,1,0,test,c202236235762e1c871ad0ccb60c8ee5ba337b9a,31,32,-1.3285480737686157,0.20939964056015015,0,0
casual_eval__739__94be8067de2d,1108,spanish,EN->ES,casual_eval,1,0,test,c202236235762e1c871ad0ccb60c8ee5ba337b9a,31,32,-2.197685480117798,0.09995852410793304,0,0
casual_eval__746__a4f006b9fafc,1110,spanish,EN->ES,casual_eval,1,0,test,c202236235762e1c871ad0ccb60c8ee5ba337b9a,31,32,-1.1312041282653809,0.24393895268440247,0,0
casual_eval__753__d7d9c6ed1b8c,1113,spanish,EN->ES,casual_eval,1,0,test,c202236235762e1c871ad0ccb60c8ee5ba337b9a,31,32,-4.762266159057617,0.008473801426589489,0,0
casual_eval__760__1cfadfdd0e29,1117,spanish,EN->ES,casual_eval,1,0,test,c202236235762e1c871ad0ccb60c8ee5ba337b9a,31,32,2.549016237258911,0.9275074005126953,1,1
casual_eval__763__9015413e8d25,1118,spanish,EN->ES,casual_eval,1,0,test,c202236235762e1c871ad0ccb60c8ee5ba337b9a,31,32,-3.1236422061920166,0.04214250296354294,0,0
casual_eval__776__1e7be718c9ba,1122,spanish,EN->ES,casual_eval,1,0,test,c202236235762e1c871ad0ccb60c8ee5ba337b9a,31,32,-2.313302993774414,0.09002719074487686,0,0
casual_eval__778__ac398544f0a3,1123,spanish,EN->ES,casual_eval,1,0,test,c202236235762e1c871ad0ccb60c8ee5ba337b9a,31,32,-6.135770797729492,0.0021593833807855844,0,0
casual_eval__790__8220cf0f83ca,1124,spanish,EN->ES,casual_eval,1,0,test,c202236235762e1c871ad0ccb60c8ee5ba337b9a,31,32,0.2640088200569153,0.5656214952468872,1,1
casual_eval__795__e22d0e890f15,1125,spanish,EN->ES,casual_eval,1,0,test,c202236235762e1c871ad0ccb60c8ee5ba337b9a,31,32,-2.3489303588867188,0.08715083450078964,0,0
casual_eval__797__93a1b9313efd,1126,spanish,EN->ES,casual_eval,1,0,test,c202236235762e1c871ad0ccb60c8ee5ba337b9a,31,32,-1.2948338985443115,0.21503573656082153,0,0
casual_eval__801__269b53b04852,1127,spanish,EN->ES,casual_eval,1,0,test,c202236235762e1c871ad0ccb60c8ee5ba337b9a,31,32,-1.2460488080978394,0.22338485717773438,0,0
casual_eval__820__8e4ae02c2a96,1131,spanish,EN->ES,casual_eval,1,0,test,c202236235762e1c871ad0ccb60c8ee5ba337b9a,31,32,3.2042088508605957,0.9609923362731934,1,1
casual_eval__824__5747377f3015,1132,spanish,EN->ES,casual_eval,1,0,test,c202236235762e1c871ad0ccb60c8ee5ba337b9a,31,32,-2.420072317123413,0.08165483176708221,0,0
casual_eval__827__1b66f4ac0979,1133,spanish,EN->ES,casual_eval,1,0,test,c202236235762e1c871ad0ccb60c8ee5ba337b9a,31,32,-5.741870880126953,0.003198496298864484,0,0
casual_eval__844__299bfb0c8e80,1140,spanish,EN->ES,casual_eval,1,0,test,c202236235762e1c871ad0ccb60c8ee5ba337b9a,31,32,-1.515316367149353,0.18015225231647491,0,0
casual_eval__879__266157b70c4e,1145,spanish,EN->ES,casual_eval,1,0,test,c202236235762e1c871ad0ccb60c8ee5ba337b9a,31,32,-4.931801795959473,0.0071618324145674706,0,0
casual_eval__893__3006ce008824,1148,spanish,EN->ES,casual_eval,1,0,test,c202236235762e1c871ad0ccb60c8ee5ba337b9a,31,32,-2.1646106243133545,0.10297378897666931,0,0
casual_eval__897__2782323c615c,1150,spanish,EN->ES,casual_eval,1,0,test,c202236235762e1c871ad0ccb60c8ee5ba337b9a,31,32,0.7447500824928284,0.678033709526062,1,1
casual_eval__907__7d725b2d1a6b,1154,spanish,EN->ES,casual_eval,1,0,test,c202236235762e1c871ad0ccb60c8ee5ba337b9a,31,32,-20.057693481445312,1.945603678166208e-09,0,0
casual_eval__909__40d4a5872c79,1155,spanish,EN->ES,casual_eval,1,0,test,c202236235762e1c871ad0ccb60c8ee5ba337b9a,31,32,-2.1048696041107178,0.1086244210600853,0,0
casual_eval__910__d41be2ebc5d4,1156,spanish,EN->ES,casual_eval,1,0,test,c202236235762e1c871ad0ccb60c8ee5ba337b9a,31,32,-0.17976897954940796,0.4551783800125122,0,0
casual_eval__930__751db5a937d2,1159,spanish,EN->ES,casual_eval,1,0,test,c202236235762e1c871ad0ccb60c8ee5ba337b9a,31,32,-3.061058759689331,0.04474243149161339,0,0
casual_eval__963__140e3abd243f,1166,spanish,EN->ES,casual_eval,1,0,test,c202236235762e1c871ad0ccb60c8ee5ba337b9a,31,32,-2.0657713413238525,0.11246845126152039,0,0
casual_eval__968__d63bf0511e52,1167,spanish,EN->ES,casual_eval,1,0,test,c202236235762e1c871ad0ccb60c8ee5ba337b9a,31,32,0.8070996403694153,0.6914911270141602,1,1
casual_eval__973__beb86fb9ae19,1168,spanish,EN->ES,casual_eval,1,0,test,c202236235762e1c871ad0ccb60c8ee5ba337b9a,31,32,-5.274578094482422,0.005094034131616354,0,0
casual_eval__985__4b7fc14b8598,1173,spanish,EN->ES,casual_eval,1,0,test,c202236235762e1c871ad0ccb60c8ee5ba337b9a,31,32,-7.043841361999512,0.000872006465215236,0,0
casual_eval__997__2a4b40f0eea9,1176,spanish,EN->ES,casual_eval,1,0,test,c202236235762e1c871ad0ccb60c8ee5ba337b9a,31,32,-2.22815203666687,0.09725075960159302,0,0
casual_eval__1014__17b93032b6a6,1179,spanish,EN->ES,casual_eval,1,0,test,c202236235762e1c871ad0ccb60c8ee5ba337b9a,31,32,-1.5082212686538696,0.18120254576206207,0,0
casual_eval__1015__e3389f2c79e5,1180,spanish,EN->ES,casual_eval,1,0,test,c202236235762e1c871ad0ccb60c8ee5ba337b9a,31,32,-3.5145699977874756,0.028900502249598503,0,0
casual_eval__1042__2bf85825d4e1,1186,spanish,EN->ES,casual_eval,1,0,test,c202236235762e1c871ad0ccb60c8ee5ba337b9a,31,32,-3.3488380908966064,0.033933233469724655,0,0
casual_eval__1048__3649249823ef,1188,spanish,EN->ES,casual_eval,1,0,test,c202236235762e1c871ad0ccb60c8ee5ba337b9a,31,32,-1.2860610485076904,0.2165202647447586,0,0
casual_eval__1059__008c015371ce,1194,spanish,EN->ES,casual_eval,1,0,test,c202236235762e1c871ad0ccb60c8ee5ba337b9a,31,32,-6.145437240600586,0.0021386549342423677,0,0
casual_eval__1060__e5e5e109a49b,1195,spanish,EN->ES,casual_eval,1,0,test,c202236235762e1c871ad0ccb60c8ee5ba337b9a,31,32,1.962215781211853,0.8767725229263306,1,1
casual_eval__1064__f88685cf23c9,1196,spanish,EN->ES,casual_eval,1,0,test,c202236235762e1c871ad0ccb60c8ee5ba337b9a,31,32,-3.364131212234497,0.033435456454753876,0,0
casual_eval__1065__a224e86157fc,1197,spanish,EN->ES,casual_eval,1,0,test,c202236235762e1c871ad0ccb60c8ee5ba337b9a,31,32,-4.089157581329346,0.01647729054093361,0,0
bench_deploy__14__0b25b51f60f4,7,japanese,EN->JA,bench_deploy,0,1,test,c202236235762e1c871ad0ccb60c8ee5ba337b9a,31,32,-10.266969680786133,3.476134952506982e-05,0,1
bench_deploy__16__dae57df11b76,8,japanese,EN->JA,bench_deploy,0,1,test,c202236235762e1c871ad0ccb60c8ee5ba337b9a,31,32,-9.3255033493042,8.911414624890313e-05,0,1
bench_deploy__24__a58d31dd3aa8,11,japanese,EN->JA,bench_deploy,0,1,test,c202236235762e1c871ad0ccb60c8ee5ba337b9a,31,32,-11.92190933227539,6.643204869760666e-06,0,1
bench_deploy__29__08dccc824c2a,14,japanese,EN->JA,bench_deploy,0,1,test,c202236235762e1c871ad0ccb60c8ee5ba337b9a,31,32,-9.45798110961914,7.805794302839786e-05,0,1
bench_deploy__37__37389092175d,16,japanese,EN->JA,bench_deploy,0,1,test,c202236235762e1c871ad0ccb60c8ee5ba337b9a,31,32,-9.170949935913086,0.00010400683095213026,0,1
bench_deploy__50__6bcb43441825,20,japanese,EN->JA,bench_deploy,0,1,test,c202236235762e1c871ad0ccb60c8ee5ba337b9a,31,32,-10.55220890045166,2.6135001462535e-05,0,1
bench_deploy__58__f84f84be271e,23,japanese,EN->JA,bench_deploy,0,1,test,c202236235762e1c871ad0ccb60c8ee5ba337b9a,31,32,-12.200820922851562,5.026302460464649e-06,0,1
bench_deploy__59__8fe149daefac,24,japanese,EN->JA,bench_deploy,0,1,test,c202236235762e1c871ad0ccb60c8ee5ba337b9a,31,32,-11.015985488891602,1.643656833039131e-05,0,1
bench_deploy__77__c6356417470e,31,japanese,EN->JA,bench_deploy,0,1,test,c202236235762e1c871ad0ccb60c8ee5ba337b9a,31,32,-10.955842971801758,1.7455418856116012e-05,0,1
bench_deploy__83__68c4efe4a896,33,japanese,EN->JA,bench_deploy,0,1,test,c202236235762e1c871ad0ccb60c8ee5ba337b9a,31,32,-9.192727088928223,0.0001017665708786808,0,1
bench_deploy__109__24e30aae5492,41,japanese,EN->JA,bench_deploy,0,1,test,c202236235762e1c871ad0ccb60c8ee5ba337b9a,31,32,-7.459105491638184,0.0005758395418524742,0,1
bench_deploy__116__5dcf5dab5d52,44,japanese,EN->JA,bench_deploy,0,1,test,c202236235762e1c871ad0ccb60c8ee5ba337b9a,31,32,-10.562911987304688,2.585677611932624e-05,0,1
bench_deploy__119__72af078fbb30,45,japanese,EN->JA,bench_deploy,0,1,test,c202236235762e1c871ad0ccb60c8ee5ba337b9a,31,32,-9.457262992858887,7.811401155777276e-05,0,1
bench_deploy__122__e19120c426df,47,japanese,EN->JA,bench_deploy,0,1,test,c202236235762e1c871ad0ccb60c8ee5ba337b9a,31,32,-8.82215690612793,0.00014740829647053033,0,1
bench_deploy__126__1449228748d0,49,japanese,EN->JA,bench_deploy,0,1,test,c202236235762e1c871ad0ccb60c8ee5ba337b9a,31,32,-9.110897064208984,0.00011044338316423818,0,1
bench_deploy__134__1ff0c9ff6de4,51,japanese,EN->JA,bench_deploy,0,1,test,c202236235762e1c871ad0ccb60c8ee5ba337b9a,31,32,-18.21253204345703,1.231396318246425e-08,0,1
bench_deploy__138__bd2d72b62947,53,japanese,EN->JA,bench_deploy,0,1,test,c202236235762e1c871ad0ccb60c8ee5ba337b9a,31,32,-16.65467643737793,5.847441642004014e-08,0,1
bench_deploy__157__3babab6436d2,62,japanese,EN->JA,bench_deploy,0,1,test,c202236235762e1c871ad0ccb60c8ee5ba337b9a,31,32,-9.388385772705078,8.368343696929514e-05,0,1
bench_deploy__174__4c606d1d806e,65,japanese,EN->JA,bench_deploy,0,1,test,c202236235762e1c871ad0ccb60c8ee5ba337b9a,31,32,-9.45264720916748,7.847537926863879e-05,0,1
bench_deploy__175__f52c0b62dbe1,66,japanese,EN->JA,bench_deploy,0,1,test,c202236235762e1c871ad0ccb60c8ee5ba337b9a,31,32,-9.91165542602539,4.9590809794608504e-05,0,1
bench_deploy__182__075d8e253fc0,68,japanese,EN->JA,bench_deploy,0,1,test,c202236235762e1c871ad0ccb60c8ee5ba337b9a,31,32,-12.467114448547363,3.851228939311113e-06,0,1
bench_deploy__187__69e7e1a26f13,70,japanese,EN->JA,bench_deploy,0,1,test,c202236235762e1c871ad0ccb60c8ee5ba337b9a,31,32,-10.85216236114502,1.9362318198545836e-05,0,1
bench_deploy__198__6e31a24e2a8d,73,japanese,EN->JA,bench_deploy,0,1,test,c202236235762e1c871ad0ccb60c8ee5ba337b9a,31,32,-9.786130905151367,5.6222859711851925e-05,0,1
bench_deploy__226__8930ca656404,82,japanese,EN->JA,bench_deploy,0,1,test,c202236235762e1c871ad0ccb60c8ee5ba337b9a,31,32,-9.277634620666504,9.348326420877129e-05,0,1
bench_deploy__231__6f9881f07b16,84,japanese,EN->JA,bench_deploy,0,1,test,c202236235762e1c871ad0ccb60c8ee5ba337b9a,31,32,-9.215324401855469,9.949293598765507e-05,0,1
bench_deploy__243__d12c26be7108,88,japanese,EN->JA,bench_deploy,0,1,test,c202236235762e1c871ad0ccb60c8ee5ba337b9a,31,32,-10.439094543457031,2.9264838303788565e-05,0,1
bench_deploy__282__42d6fe2f5ec7,101,japanese,EN->JA,bench_deploy,0,1,test,c202236235762e1c871ad0ccb60c8ee5ba337b9a,31,32,-16.545568466186523,6.521550943716647e-08,0,1
bench_deploy__327__80fc1517678c,113,japanese,EN->JA,bench_deploy,0,1,test,c202236235762e1c871ad0ccb60c8ee5ba337b9a,31,32,-8.52547550201416,0.00019831104145850986,0,1
bench_deploy__331__46cffab82a32,115,japanese,EN->JA,bench_deploy,0,1,test,c202236235762e1c871ad0ccb60c8ee5ba337b9a,31,32,-11.364567756652832,1.159914336312795e-05,0,1
bench_deploy__356__d7ac24cc7679,123,japanese,EN->JA,bench_deploy,0,1,test,c202236235762e1c871ad0ccb60c8ee5ba337b9a,31,32,-7.465455055236816,0.0005721969064325094,0,1
bench_deploy__357__99c36e3fea4d,124,japanese,EN->JA,bench_deploy,0,1,test,c202236235762e1c871ad0ccb60c8ee5ba337b9a,31,32,-5.313960552215576,0.004898281767964363,0,1
bench_deploy__381__f47febf13ca2,131,japanese,EN->JA,bench_deploy,0,1,test,c202236235762e1c871ad0ccb60c8ee5ba337b9a,31,32,-10.108001708984375,4.07504994655028e-05,0,1
bench_deploy__382__f97a4cff94f9,132,japanese,EN->JA,bench_deploy,0,1,test,c202236235762e1c871ad0ccb60c8ee5ba337b9a,31,32,-15.34395980834961,2.168716832784412e-07,0,1
bench_deploy__394__b8269bb6a6f0,138,japanese,EN->JA,bench_deploy,0,1,test,c202236235762e1c871ad0ccb60c8ee5ba337b9a,31,32,-13.328293800354004,1.6277766690109274e-06,0,1
bench_deploy__395__bb60c85c74be,139,japanese,EN->JA,bench_deploy,0,1,test,c202236235762e1c871ad0ccb60c8ee5ba337b9a,31,32,-9.948921203613281,4.777686990564689e-05,0,1
bench_deploy__396__821845205973,140,japanese,EN->JA,bench_deploy,0,1,test,c202236235762e1c871ad0ccb60c8ee5ba337b9a,31,32,-8.246750831604004,0.0002620401210151613,0,1
bench_deploy__397__b6009d8c784f,141,japanese,EN->JA,bench_deploy,0,1,test,c202236235762e1c871ad0ccb60c8ee5ba337b9a,31,32,-8.412498474121094,0.00022202501713763922,0,1
bench_deploy__401__05a2d69b2ac7,142,japanese,EN->JA,bench_deploy,0,1,test,c202236235762e1c871ad0ccb60c8ee5ba337b9a,31,32,-7.82073450088501,0.00040116580203175545,0,1
bench_deploy__417__e576b9fee790,148,japanese,EN->JA,bench_deploy,0,1,test,c202236235762e1c871ad0ccb60c8ee5ba337b9a,31,32,-10.729188919067383,2.18959066842217e-05,0,1
bench_deploy__427__c9858d72af7e,150,japanese,EN->JA,bench_deploy,0,1,test,c202236235762e1c871ad0ccb60c8ee5ba337b9a,31,32,-11.224854469299316,1.3338341886992566e-05,0,1
bench_deploy__429__b1430e5caa6f,151,japanese,EN->JA,bench_deploy,0,1,test,c202236235762e1c871ad0ccb60c8ee5ba337b9a,31,32,-11.982793807983398,6.250806563912192e-06,0,1
bench_deploy__437__c172d0ff7857,154,japanese,EN->JA,bench_deploy,0,1,test,c202236235762e1c871ad0ccb60c8ee5ba337b9a,31,32,-10.056028366088867,4.29243482358288e-05,0,1
bench_deploy__441__4c0e00a5a21a,155,japanese,EN->JA,bench_deploy,0,1,test,c202236235762e1c871ad0ccb60c8ee5ba337b9a,31,32,-11.942582130432129,6.507282250822755e-06,0,1
bench_deploy__442__0637d6dae3e0,156,japanese,EN->JA,bench_deploy,0,1,test,c202236235762e1c871ad0ccb60c8ee5ba337b9a,31,32,-10.005382537841797,4.515418186201714e-05,0,1
bench_deploy__450__498c9a0e188d,158,japanese,EN->JA,bench_deploy,0,1,test,c202236235762e1c871ad0ccb60c8ee5ba337b9a,31,32,-9.724498748779297,5.979679190204479e-05,0,1
bench_deploy__453__070a96289a91,159,japanese,EN->JA,bench_deploy,0,1,test,c202236235762e1c871ad0ccb60c8ee5ba337b9a,31,32,-9.417647361755371,8.127040200633928e-05,0,1
bench_deploy__455__fa28060c77b4,161,japanese,EN->JA,bench_deploy,0,1,test,c202236235762e1c871ad0ccb60c8ee5ba337b9a,31,32,-9.270078659057617,9.419223351869732e-05,0,1
bench_deploy__464__5aab392b0731,166,japanese,EN->JA,bench_deploy,0,1,test,c202236235762e1c871ad0ccb60c8ee5ba337b9a,31,32,-8.858686447143555,0.0001421214547008276,0,1
bench_deploy__481__3f20830ce23a,172,japanese,EN->JA,bench_deploy,0,1,test,c202236235762e1c871ad0ccb60c8ee5ba337b9a,31,32,-10.23792839050293,3.5785629734164104e-05,0,1
bench_deploy__488__17be96260ce9,174,japanese,EN->JA,bench_deploy,0,1,test,c202236235762e1c871ad0ccb60c8ee5ba337b9a,31,32,-10.692394256591797,2.2716545572620817e-05,0,1
bench_deploy__503__6d9e7076652a,179,japanese,EN->JA,bench_deploy,0,1,test,c202236235762e1c871ad0ccb60c8ee5ba337b9a,31,32,-7.652501106262207,0.00047462963266298175,0,1
bench_deploy__517__678579ddc5ed,182,japanese,EN->JA,bench_deploy,0,1,test,c202236235762e1c871ad0ccb60c8ee5ba337b9a,31,32,-9.011399269104004,0.00012199612683616579,0,1
bench_deploy__524__41defc869c2b,186,japanese,EN->JA,bench_deploy,0,1,test,c202236235762e1c871ad0ccb60c8ee5ba337b9a,31,32,-14.591039657592773,4.6045985868659045e-07,0,1
bench_deploy__527__dadb7b044a2d,187,japanese,EN->JA,bench_deploy,0,1,test,c202236235762e1c871ad0ccb60c8ee5ba337b9a,31,32,-11.12398910522461,1.475388853577897e-05,0,1
bench_deploy__528__de5768bdecc4,188,japanese,EN->JA,bench_deploy,0,1,test,c202236235762e1c871ad0ccb60c8ee5ba337b9a,31,32,-10.532564163208008,2.66534807451535e-05,0,1
bench_deploy__549__c6096374c9f3,195,japanese,EN->JA,bench_deploy,0,1,test,c202236235762e1c871ad0ccb60c8ee5ba337b9a,31,32,-7.708714485168457,0.00044869675184600055,0,1
bench_deploy__551__798d91cd7847,197,japanese,EN->JA,bench_deploy,0,1,test,c202236235762e1c871ad0ccb60c8ee5ba337b9a,31,32,-9.926494598388672,4.8860394599614665e-05,0,1
bench_deploy__564__d4d2422a366f,202,japanese,EN->JA,bench_deploy,0,1,test,c202236235762e1c871ad0ccb60c8ee5ba337b9a,31,32,-9.845200538635254,5.299815165926702e-05,0,1
bench_deploy__567__3852311ba8e9,203,japanese,EN->JA,bench_deploy,0,1,test,c202236235762e1c871ad0ccb60c8ee5ba337b9a,31,32,-11.016548156738281,1.6427322407253087e-05,0,1
bench_deploy__576__c02c4fd5fd26,206,japanese,EN->JA,bench_deploy,0,1,test,c202236235762e1c871ad0ccb60c8ee5ba337b9a,31,32,-12.652750015258789,3.198741296728258e-06,0,1
bench_deploy__593__3c6cc04c654f,211,japanese,EN->JA,bench_deploy,0,1,test,c202236235762e1c871ad0ccb60c8ee5ba337b9a,31,32,-10.744729042053223,2.1558280423050746e-05,0,1
bench_deploy__594__0a795c7d2d82,212,japanese,EN->JA,bench_deploy,0,1,test,c202236235762e1c871ad0ccb60c8ee5ba337b9a,31,32,-9.367356300354004,8.546173921786249e-05,0,1
bench_deploy__597__2c5045a0a4a1,215,japanese,EN->JA,bench_deploy,0,1,test,c202236235762e1c871ad0ccb60c8ee5ba337b9a,31,32,-10.72061824798584,2.208437399531249e-05,0,1
bench_deploy__608__2e8eb478fda1,219,japanese,EN->JA,bench_deploy,0,1,test,c202236235762e1c871ad0ccb60c8ee5ba337b9a,31,32,-9.024887084960938,0.00012036191037623212,0,1
bench_deploy__622__80adaf44813d,226,japanese,EN->JA,bench_deploy,0,1,test,c202236235762e1c871ad0ccb60c8ee5ba337b9a,31,32,-11.029221534729004,1.622045056137722e-05,0,1
bench_deploy__626__2b81ba85b1b6,227,japanese,EN->JA,bench_deploy,0,1,test,c202236235762e1c871ad0ccb60c8ee5ba337b9a,31,32,-10.874279022216797,1.8938797438750044e-05,0,1
bench_deploy__635__8c3da7b87922,231,japanese,EN->JA,bench_deploy,0,1,test,c202236235762e1c871ad0ccb60c8ee5ba337b9a,31,32,-10.1839599609375,3.776991434278898e-05,0,1
bench_deploy__672__51efeac3b04d,243,japanese,EN->JA,bench_deploy,0,1,test,c202236235762e1c871ad0ccb60c8ee5ba337b9a,31,32,-9.080463409423828,0.00011385585821699351,0,1
bench_deploy__673__7f1581232f11,244,japanese,EN->JA,bench_deploy,0,1,test,c202236235762e1c871ad0ccb60c8ee5ba337b9a,31,32,-10.640451431274414,2.392766145931091e-05,0,1
bench_deploy__679__58319e86b225,249,japanese,EN->JA,bench_deploy,0,1,test,c202236235762e1c871ad0ccb60c8ee5ba337b9a,31,32,-11.308568000793457,1.226721542479936e-05,0,1
bench_deploy__688__bf52199100a3,251,japanese,EN->JA,bench_deploy,0,1,test,c202236235762e1c871ad0ccb60c8ee5ba337b9a,31,32,-9.246795654296875,9.641082579037175e-05,0,1
bench_deploy__695__73c6e1e33e8b,253,japanese,EN->JA,bench_deploy,0,1,test,c202236235762e1c871ad0ccb60c8ee5ba337b9a,31,32,-8.374282836914062,0.00023067205620463938,0,1
bench_deploy__701__d66a1082551e,255,japanese,EN->JA,bench_deploy,0,1,test,c202236235762e1c871ad0ccb60c8ee5ba337b9a,31,32,-10.855121612548828,1.930510734382551e-05,0,1
bench_deploy__704__35ee7a8034fb,256,japanese,EN->JA,bench_deploy,0,1,test,c202236235762e1c871ad0ccb60c8ee5ba337b9a,31,32,-12.449897766113281,3.918107722711284e-06,0,1
bench_deploy__707__444f0ffda198,257,japanese,EN->JA,bench_deploy,0,1,test,c202236235762e1c871ad0ccb60c8ee5ba337b9a,31,32,-8.213350296020508,0.0002709378022700548,0,1
bench_deploy__718__b9cb94216375,259,japanese,EN->JA,bench_deploy,0,1,test,c202236235762e1c871ad0ccb60c8ee5ba337b9a,31,32,-8.344868659973145,0.00023755621805321425,0,1
bench_deploy__723__4185b48a168c,262,japanese,EN->JA,bench_deploy,0,1,test,c202236235762e1c871ad0ccb60c8ee5ba337b9a,31,32,-14.661739349365234,4.290296544695593e-07,0,1
bench_deploy__727__600f3c2e4b34,263,japanese,EN->JA,bench_deploy,0,1,test,c202236235762e1c871ad0ccb60c8ee5ba337b9a,31,32,-12.019098281860352,6.027945346431807e-06,0,1
bench_deploy__736__baacc1dcddef,264,japanese,EN->JA,bench_deploy,0,1,test,c202236235762e1c871ad0ccb60c8ee5ba337b9a,31,32,-13.456803321838379,1.431475652680092e-06,0,1
bench_deploy__743__66c8938eb5de,266,japanese,EN->JA,bench_deploy,0,1,test,c202236235762e1c871ad0ccb60c8ee5ba337b9a,31,32,-9.329894065856934,8.872376201907173e-05,0,1
bench_deploy__775__54c41c865d0d,277,japanese,EN->JA,bench_deploy,0,1,test,c202236235762e1c871ad0ccb60c8ee5ba337b9a,31,32,-12.470670700073242,3.837556960206712e-06,0,1
bench_deploy__789__d5ebbf28f6f3,282,japanese,EN->JA,bench_deploy,0,1,test,c202236235762e1c871ad0ccb60c8ee5ba337b9a,31,32,-9.98503303527832,4.60824157926254e-05,0,1
bench_deploy__797__967c703515aa,286,japanese,EN->JA,bench_deploy,0,1,test,c202236235762e1c871ad0ccb60c8ee5ba337b9a,31,32,-10.39456558227539,3.0597380828112364e-05,0,1
bench_deploy__799__04f0d999e88f,287,japanese,EN->JA,bench_deploy,0,1,test,c202236235762e1c871ad0ccb60c8ee5ba337b9a,31,32,-9.993314743041992,4.570236706058495e-05,0,1
bench_deploy__805__db47c4eba28e,288,japanese,EN->JA,bench_deploy,0,1,test,c202236235762e1c871ad0ccb60c8ee5ba337b9a,31,32,-9.760393142700195,5.768860501120798e-05,0,1
bench_deploy__810__442538520c26,289,japanese,EN->JA,bench_deploy,0,1,test,c202236235762e1c871ad0ccb60c8ee5ba337b9a,31,32,-9.221029281616211,9.89270192803815e-05,0,1
bench_deploy__811__158126c453d3,290,japanese,EN->JA,bench_deploy,0,1,test,c202236235762e1c871ad0ccb60c8ee5ba337b9a,31,32,-8.84306812286377,0.00014435825869441032,0,1
bench_deploy__814__ae2abe9e2588,291,japanese,EN->JA,bench_deploy,0,1,test,c202236235762e1c871ad0ccb60c8ee5ba337b9a,31,32,-7.4019904136657715,0.000609665410593152,0,1
bench_deploy__820__0841164b1f3e,292,japanese,EN->JA,bench_deploy,0,1,test,c202236235762e1c871ad0ccb60c8ee5ba337b9a,31,32,-10.064505577087402,4.25620237365365e-05,0,1
bench_deploy__822__322ce711d8c6,294,japanese,EN->JA,bench_deploy,0,1,test,c202236235762e1c871ad0ccb60c8ee5ba337b9a,31,32,-13.508380889892578,1.3595154086942784e-06,0,1
bench_eval__0__d7def16ca569,300,japanese,EN->JA,bench_eval,1,1,test,c202236235762e1c871ad0ccb60c8ee5ba337b9a,31,32,-7.1653618812561035,0.000772302330005914,0,0
bench_eval__12__865aca24669f,305,japanese,EN->JA,bench_eval,1,1,test,c202236235762e1c871ad0ccb60c8ee5ba337b9a,31,32,-9.705808639526367,6.092484181863256e-05,0,0
bench_eval__31__47f76d4953ae,311,japanese,EN->JA,bench_eval,1,1,test,c202236235762e1c871ad0ccb60c8ee5ba337b9a,31,32,-8.983572006225586,0.00012543817865662277,0,0
bench_eval__36__a9d0fa59c918,313,japanese,EN->JA,bench_eval,1,1,test,c202236235762e1c871ad0ccb60c8ee5ba337b9a,31,32,-10.840526580810547,1.9588926079450175e-05,0,0
bench_eval__37__9eeca2b49ec6,314,japanese,EN->JA,bench_eval,1,1,test,c202236235762e1c871ad0ccb60c8ee5ba337b9a,31,32,-8.437902450561523,0.00021645694505423307,0,0
bench_eval__39__a106f750ba38,315,japanese,EN->JA,bench_eval,1,1,test,c202236235762e1c871ad0ccb60c8ee5ba337b9a,31,32,-9.325203895568848,8.914083446143195e-05,0,0
bench_eval__49__3299b832b436,317,japanese,EN->JA,bench_eval,1,1,test,c202236235762e1c871ad0ccb60c8ee5ba337b9a,31,32,-6.7994561195373535,0.0011131406063213944,0,0
bench_eval__53__0b0358447ffd,318,japanese,EN->JA,bench_eval,1,1,test,c202236235762e1c871ad0ccb60c8ee5ba337b9a,31,32,-9.74506950378418,5.857936412212439e-05,0,0
bench_eval__66__1d94a5929d9a,323,japanese,EN->JA,bench_eval,1,1,test,c202236235762e1c871ad0ccb60c8ee5ba337b9a,31,32,-11.451375961303711,1.0634717909852043e-05,0,0
bench_eval__101__d619f7cdfa10,332,japanese,EN->JA,bench_eval,1,1,test,c202236235762e1c871ad0ccb60c8ee5ba337b9a,31,32,-11.960594177246094,6.391122951754369e-06,0,0
bench_eval__109__a5dc1a383c52,333,japanese,EN->JA,bench_eval,1,1,test,c202236235762e1c871ad0ccb60c8ee5ba337b9a,31,32,-9.440593719482422,7.942692172946408e-05,0,0
bench_eval__118__2374e1f97cda,336,japanese,EN->JA,bench_eval,1,1,test,c202236235762e1c871ad0ccb60c8ee5ba337b9a,31,32,-8.078264236450195,0.0003101128386333585,0,0
bench_eval__140__061f332e6c60,341,japanese,EN->JA,bench_eval,1,1,test,c202236235762e1c871ad0ccb60c8ee5ba337b9a,31,32,-8.454011917114258,0.00021299860964063555,0,0
bench_eval__150__06e32c434c0d,345,japanese,EN->JA,bench_eval,1,1,test,c202236235762e1c871ad0ccb60c8ee5ba337b9a,31,32,-10.39487361907959,3.0587958463001996e-05,0,0
bench_eval__161__cd634ac0558b,347,japanese,EN->JA,bench_eval,1,1,test,c202236235762e1c871ad0ccb60c8ee5ba337b9a,31,32,-9.387014389038086,8.379826613236219e-05,0,0
bench_eval__162__b257313e6f44,348,japanese,EN->JA,bench_eval,1,1,test,c202236235762e1c871ad0ccb60c8ee5ba337b9a,31,32,-8.907648086547852,0.0001353314728476107,0,0
bench_eval__169__f5d4ab0aebad,349,japanese,EN->JA,bench_eval,1,1,test,c202236235762e1c871ad0ccb60c8ee5ba337b9a,31,32,-10.082378387451172,4.180811083642766e-05,0,0
bench_eval__174__9840515fe564,351,japanese,EN->JA,bench_eval,1,1,test,c202236235762e1c871ad0ccb60c8ee5ba337b9a,31,32,-8.016008377075195,0.00033002623240463436,0,0
bench_eval__178__21262cffe882,352,japanese,EN->JA,bench_eval,1,1,test,c202236235762e1c871ad0ccb60c8ee5ba337b9a,31,32,-10.55936336517334,2.594869329186622e-05,0,0
bench_eval__187__1ceca8c77342,355,japanese,EN->JA,bench_eval,1,1,test,c202236235762e1c871ad0ccb60c8ee5ba337b9a,31,32,-8.982368469238281,0.00012558922753669322,0,0
bench_eval__225__b64de99cacdb,364,japanese,EN->JA,bench_eval,1,1,test,c202236235762e1c871ad0ccb60c8ee5ba337b9a,31,32,-8.58863353729248,0.00018617569003254175,0,0
bench_eval__235__ea16730f61d2,366,japanese,EN->JA,bench_eval,1,1,test,c202236235762e1c871ad0ccb60c8ee5ba337b9a,31,32,-9.16655445098877,0.00010446494707139209,0,0
bench_eval__250__2b2c1637de4d,369,japanese,EN->JA,bench_eval,1,1,test,c202236235762e1c871ad0ccb60c8ee5ba337b9a,31,32,-10.535314559936523,2.65802755166078e-05,0,0
bench_eval__264__591287e1866e,373,japanese,EN->JA,bench_eval,1,1,test,c202236235762e1c871ad0ccb60c8ee5ba337b9a,31,32,-9.812723159790039,5.474755380419083e-05,0,0
bench_eval__270__48d2e7024674,376,japanese,EN->JA,bench_eval,1,1,test,c202236235762e1c871ad0ccb60c8ee5ba337b9a,31,32,-8.15721321105957,0.0002865779970306903,0,0
bench_eval__274__2c318ec9467f,378,japanese,EN->JA,bench_eval,1,1,test,c202236235762e1c871ad0ccb60c8ee5ba337b9a,31,32,-10.012293815612793,4.4843200157629326e-05,0,0
bench_eval__282__4434f9e1817f,380,japanese,EN->JA,bench_eval,1,1,test,c202236235762e1c871ad0ccb60c8ee5ba337b9a,31,32,-7.664072036743164,0.00046917187864892185,0,0
bench_eval__311__8b8a697aa825,384,japanese,EN->JA,bench_eval,1,1,test,c202236235762e1c871ad0ccb60c8ee5ba337b9a,31,32,-9.743146896362305,5.869209417141974e-05,0,0
bench_eval__344__3123e5946075,389,japanese,EN->JA,bench_eval,1,1,test,c202236235762e1c871ad0ccb60c8ee5ba337b9a,31,32,-7.3055524826049805,0.0006713472539559007,0,0
bench_eval__357__79c0891a6949,392,japanese,EN->JA,bench_eval,1,1,test,c202236235762e1c871ad0ccb60c8ee5ba337b9a,31,32,-13.064369201660156,2.1194132386881392e-06,0,0
bench_eval__379__56b4a5ed600e,398,japanese,EN->JA,bench_eval,1,1,test,c202236235762e1c871ad0ccb60c8ee5ba337b9a,31,32,-7.378047943115234,0.0006244292017072439,0,0
bench_eval__448__11fb2533f8e4,415,japanese,EN->JA,bench_eval,1,1,test,c202236235762e1c871ad0ccb60c8ee5ba337b9a,31,32,-9.853314399719238,5.2569892432074994e-05,0,0
bench_eval__458__4670a2e3c215,420,japanese,EN->JA,bench_eval,1,1,test,c202236235762e1c871ad0ccb60c8ee5ba337b9a,31,32,-9.145956039428711,0.0001066388504114002,0,0
bench_eval__495__b50d4d798ea5,427,japanese,EN->JA,bench_eval,1,1,test,c202236235762e1c871ad0ccb60c8ee5ba337b9a,31,32,-9.374935150146484,8.481653640046716e-05,0,0
bench_eval__503__563b5f7d44ce,431,japanese,EN->JA,bench_eval,1,1,test,c202236235762e1c871ad0ccb60c8ee5ba337b9a,31,32,-8.630345344543457,0.0001785710483090952,0,0
bench_eval__511__0e12738c527a,433,japanese,EN->JA,bench_eval,1,1,test,c202236235762e1c871ad0ccb60c8ee5ba337b9a,31,32,-9.548590660095215,7.12965993443504e-05,0,0
bench_eval__523__8b73ef02cac5,434,japanese,EN->JA,bench_eval,1,1,test,c202236235762e1c871ad0ccb60c8ee5ba337b9a,31,32,-11.82441520690918,7.323497356992448e-06,0,0
bench_eval__530__a10c94e503b9,437,japanese,EN->JA,bench_eval,1,1,test,c202236235762e1c871ad0ccb60c8ee5ba337b9a,31,32,-9.868746757507324,5.176488411962055e-05,0,0
bench_eval__540__e39719ec8ba7,441,japanese,EN->JA,bench_eval,1,1,test,c202236235762e1c871ad0ccb60c8ee5ba337b9a,31,32,-10.911079406738281,1.8254524547955953e-05,0,0
bench_eval__568__6b44d553f0e7,450,japanese,EN->JA,bench_eval,1,1,test,c202236235762e1c871ad0ccb60c8ee5ba337b9a,31,32,-5.825046539306641,0.002943974221125245,0,0
bench_eval__575__8ac30df43fae,452,japanese,EN->JA,bench_eval,1,1,test,c202236235762e1c871ad0ccb60c8ee5ba337b9a,31,32,-4.4842939376831055,0.011158925481140614,0,0
bench_eval__576__0ceba2c0c2b9,453,japanese,EN->JA,bench_eval,1,1,test,c202236235762e1c871ad0ccb60c8ee5ba337b9a,31,32,-8.243547439575195,0.0002628806687425822,0,0
bench_eval__586__10e6cc661405,456,japanese,EN->JA,bench_eval,1,1,test,c202236235762e1c871ad0ccb60c8ee5ba337b9a,31,32,-10.121814727783203,4.0191502193920314e-05,0,0
bench_eval__593__e6190c36127e,458,japanese,EN->JA,bench_eval,1,1,test,c202236235762e1c871ad0ccb60c8ee5ba337b9a,31,32,-10.109394073486328,4.0693801565794274e-05,0,0
bench_eval__619__4eea3d3abb1c,462,japanese,EN->JA,bench_eval,1,1,test,c202236235762e1c871ad0ccb60c8ee5ba337b9a,31,32,-4.236540794372559,0.01425147708505392,0,0
bench_eval__625__2c346b6dc209,464,japanese,EN->JA,bench_eval,1,1,test,c202236235762e1c871ad0ccb60c8ee5ba337b9a,31,32,-8.959953308105469,0.0001284357567783445,0,0
bench_eval__629__ef321fa9203b,466,japanese,EN->JA,bench_eval,1,1,test,c202236235762e1c871ad0ccb60c8ee5ba337b9a,31,32,-11.196800231933594,1.371783309878083e-05,0,0
bench_eval__630__fb53574e536f,467,japanese,EN->JA,bench_eval,1,1,test,c202236235762e1c871ad0ccb60c8ee5ba337b9a,31,32,-7.0173420906066895,0.0008954019285738468,0,0
bench_eval__668__28d8b3b4e86e,479,japanese,EN->JA,bench_eval,1,1,test,c202236235762e1c871ad0ccb60c8ee5ba337b9a,31,32,-11.674582481384277,8.507257007295266e-06,0,0
bench_eval__677__174e39b49bb9,482,japanese,EN->JA,bench_eval,1,1,test,c202236235762e1c871ad0ccb60c8ee5ba337b9a,31,32,-8.508551597595215,0.00020169511844869703,0,0
bench_eval__678__85a48cda89f6,483,japanese,EN->JA,bench_eval,1,1,test,c202236235762e1c871ad0ccb60c8ee5ba337b9a,31,32,-9.35057544708252,8.690783579368144e-05,0,0
bench_eval__693__993ebc3689c3,487,japanese,EN->JA,bench_eval,1,1,test,c202236235762e1c871ad0ccb60c8ee5ba337b9a,31,32,-9.511164665222168,7.401530456263572e-05,0,0
bench_eval__695__386df3c1f52d,488,japanese,EN->JA,bench_eval,1,1,test,c202236235762e1c871ad0ccb60c8ee5ba337b9a,31,32,-9.04470443725586,0.00011800041102105752,0,0
bench_eval__701__2c3ef570ac51,489,japanese,EN->JA,bench_eval,1,1,test,c202236235762e1c871ad0ccb60c8ee5ba337b9a,31,32,-10.176692962646484,3.804537846008316e-05,0,0
bench_eval__709__e9b7c07dbc30,493,japanese,EN->JA,bench_eval,1,1,test,c202236235762e1c871ad0ccb60c8ee5ba337b9a,31,32,-9.998326301574707,4.547391290543601e-05,0,0
bench_eval__722__8b3bda4a81d7,495,japanese,EN->JA,bench_eval,1,1,test,c202236235762e1c871ad0ccb60c8ee5ba337b9a,31,32,-9.100943565368652,0.00011154804087709635,0,0
bench_eval__740__e2c64fa2adc0,503,japanese,EN->JA,bench_eval,1,1,test,c202236235762e1c871ad0ccb60c8ee5ba337b9a,31,32,-10.194246292114258,3.7383404560387135e-05,0,0
bench_eval__741__1e01f6e82d8f,504,japanese,EN->JA,bench_eval,1,1,test,c202236235762e1c871ad0ccb60c8ee5ba337b9a,31,32,-4.708108901977539,0.008941156789660454,0,0
bench_eval__745__7d3bd24794e9,506,japanese,EN->JA,bench_eval,1,1,test,c202236235762e1c871ad0ccb60c8ee5ba337b9a,31,32,-8.956609725952148,0.00012886585318483412,0,0
bench_eval__764__564dac38c061,510,japanese,EN->JA,bench_eval,1,1,test,c202236235762e1c871ad0ccb60c8ee5ba337b9a,31,32,-10.330676078796387,3.26159643009305e-05,0,0
bench_eval__769__0708d86ff5c2,512,japanese,EN->JA,bench_eval,1,1,test,c202236235762e1c871ad0ccb60c8ee5ba337b9a,31,32,-9.904191017150879,4.996234201826155e-05,0,0
bench_eval__778__b3f10acc443e,513,japanese,EN->JA,bench_eval,1,1,test,c202236235762e1c871ad0ccb60c8ee5ba337b9a,31,32,-9.584985733032227,6.87485808157362e-05,0,0
bench_eval__785__8253c09f257a,516,japanese,EN->JA,bench_eval,1,1,test,c202236235762e1c871ad0ccb60c8ee5ba337b9a,31,32,-6.698843002319336,0.001230820082128048,0,0
bench_eval__812__d4407075ac85,524,japanese,EN->JA,bench_eval,1,1,test,c202236235762e1c871ad0ccb60c8ee5ba337b9a,31,32,-10.081889152526855,4.1828567191259935e-05,0,0
bench_eval__828__4ac2ebbf2ce0,528,japanese,EN->JA,bench_eval,1,1,test,c202236235762e1c871ad0ccb60c8ee5ba337b9a,31,32,-7.647217750549316,0.0004771426902152598,0,0
bench_eval__833__d883501add8b,531,japanese,EN->JA,bench_eval,1,1,test,c202236235762e1c871ad0ccb60c8ee5ba337b9a,31,32,-9.890591621398926,5.064640936325304e-05,0,0
bench_eval__841__ad53933ea9a8,535,japanese,EN->JA,bench_eval,1,1,test,c202236235762e1c871ad0ccb60c8ee5ba337b9a,31,32,-11.674211502075195,8.51041386340512e-06,0,0
bench_eval__846__36ba356234be,536,japanese,EN->JA,bench_eval,1,1,test,c202236235762e1c871ad0ccb60c8ee5ba337b9a,31,32,-12.035652160644531,5.928981408942491e-06,0,0
bench_eval__849__8df03eeed7cb,537,japanese,EN->JA,bench_eval,1,1,test,c202236235762e1c871ad0ccb60c8ee5ba337b9a,31,32,-9.156391143798828,0.00010553196625551209,0,0
bench_eval__885__8270743f60be,542,japanese,EN->JA,bench_eval,1,1,test,c202236235762e1c871ad0ccb60c8ee5ba337b9a,31,32,-6.30790901184082,0.0018185257213190198,0,0
bench_eval__895__503df0492593,545,japanese,EN->JA,bench_eval,1,1,test,c202236235762e1c871ad0ccb60c8ee5ba337b9a,31,32,-8.847042083740234,0.0001437858009012416,0,0
bench_eval__896__cd29be6a9b62,546,japanese,EN->JA,bench_eval,1,1,test,c202236235762e1c871ad0ccb60c8ee5ba337b9a,31,32,-10.408819198608398,3.016436312464066e-05,0,0
bench_eval__898__1536eb57c85d,548,japanese,EN->JA,bench_eval,1,1,test,c202236235762e1c871ad0ccb60c8ee5ba337b9a,31,32,-10.485074996948242,2.7949730792897753e-05,0,0
bench_eval__938__944fad7407f6,556,japanese,EN->JA,bench_eval,1,1,test,c202236235762e1c871ad0ccb60c8ee5ba337b9a,31,32,-12.362485885620117,4.276010258763563e-06,0,0
bench_eval__944__cc38fdf531a4,560,japanese,EN->JA,bench_eval,1,1,test,c202236235762e1c871ad0ccb60c8ee5ba337b9a,31,32,-14.187573432922363,6.893104114169546e-07,0,0
bench_eval__959__c3f9e4c9be14,564,japanese,EN->JA,bench_eval,1,1,test,c202236235762e1c871ad0ccb60c8ee5ba337b9a,31,32,-10.450678825378418,2.8927792300237343e-05,0,0
bench_eval__982__cb004fa6841e,571,japanese,EN->JA,bench_eval,1,1,test,c202236235762e1c871ad0ccb60c8ee5ba337b9a,31,32,-9.468059539794922,7.727525371592492e-05,0,0
bench_eval__984__fae5dc3a9749,572,japanese,EN->JA,bench_eval,1,1,test,c202236235762e1c871ad0ccb60c8ee5ba337b9a,31,32,-7.778326034545898,0.00041853723814710975,0,0
bench_eval__991__d187025570d3,574,japanese,EN->JA,bench_eval,1,1,test,c202236235762e1c871ad0ccb60c8ee5ba337b9a,31,32,-9.830698013305664,5.377231718739495e-05,0,0
bench_eval__994__d302ddcefbee,575,japanese,EN->JA,bench_eval,1,1,test,c202236235762e1c871ad0ccb60c8ee5ba337b9a,31,32,-9.562355995178223,7.03219702700153e-05,0,0
bench_eval__999__c4c876ca51d4,577,japanese,EN->JA,bench_eval,1,1,test,c202236235762e1c871ad0ccb60c8ee5ba337b9a,31,32,-8.323204040527344,0.00024275768373627216,0,0
bench_eval__1007__636068bc81f9,578,japanese,EN->JA,bench_eval,1,1,test,c202236235762e1c871ad0ccb60c8ee5ba337b9a,31,32,-8.343735694885254,0.00023782544303685427,0,0
bench_eval__1010__9ad4f9d4a147,579,japanese,EN->JA,bench_eval,1,1,test,c202236235762e1c871ad0ccb60c8ee5ba337b9a,31,32,-3.5534908771514893,0.027827978134155273,0,0
bench_eval__1012__48ce890ad06f,580,japanese,EN->JA,bench_eval,1,1,test,c202236235762e1c871ad0ccb60c8ee5ba337b9a,31,32,-7.8862481117248535,0.000375735922716558,0,0
bench_eval__1031__4d6bf3c97e6c,583,japanese,EN->JA,bench_eval,1,1,test,c202236235762e1c871ad0ccb60c8ee5ba337b9a,31,32,-9.644691467285156,6.47642882540822e-05,0,0
bench_eval__1034__2970cb989e44,584,japanese,EN->JA,bench_eval,1,1,test,c202236235762e1c871ad0ccb60c8ee5ba337b9a,31,32,-9.434307098388672,7.992778409970924e-05,0,0
bench_eval__1057__25a7223c42d8,594,japanese,EN->JA,bench_eval,1,1,test,c202236235762e1c871ad0ccb60c8ee5ba337b9a,31,32,-9.278141975402832,9.343585406895727e-05,0,0
bench_eval__1064__f2c7a5cefa6c,596,japanese,EN->JA,bench_eval,1,1,test,c202236235762e1c871ad0ccb60c8ee5ba337b9a,31,32,-9.343969345092773,8.748380787437782e-05,0,0
bench_eval__1067__288b68f5c882,597,japanese,EN->JA,bench_eval,1,1,test,c202236235762e1c871ad0ccb60c8ee5ba337b9a,31,32,-5.160665988922119,0.0057051414623856544,0,0
bench_eval__1068__04dbe739f7dd,598,japanese,EN->JA,bench_eval,1,1,test,c202236235762e1c871ad0ccb60c8ee5ba337b9a,31,32,-9.998318672180176,4.547425851342268e-05,0,0
casual_deploy__5__c6962d9e473d,601,japanese,EN->JA,casual_deploy,0,0,test,c202236235762e1c871ad0ccb60c8ee5ba337b9a,31,32,-16.031824111938477,1.0901021596509963e-07,0,1
casual_deploy__11__3f69b514493d,604,japanese,EN->JA,casual_deploy,0,0,test,c202236235762e1c871ad0ccb60c8ee5ba337b9a,31,32,-19.817758560180664,2.4731861003601807e-09,0,1
casual_deploy__22__0e5079130f4b,605,japanese,EN->JA,casual_deploy,0,0,test,c202236235762e1c871ad0ccb60c8ee5ba337b9a,31,32,-15.704793930053711,1.5118007468117867e-07,0,1
casual_deploy__23__a01f86078163,606,japanese,EN->JA,casual_deploy,0,0,test,c202236235762e1c871ad0ccb60c8ee5ba337b9a,31,32,-32.62226867675781,6.797179786117427e-15,0,1
casual_deploy__41__abd827302bed,611,japanese,EN->JA,casual_deploy,0,0,test,c202236235762e1c871ad0ccb60c8ee5ba337b9a,31,32,-1.3561612367630005,0.20486490428447723,0,1
casual_deploy__42__618887db6a77,612,japanese,EN->JA,casual_deploy,0,0,test,c202236235762e1c871ad0ccb60c8ee5ba337b9a,31,32,-6.747109413146973,0.0011728918179869652,0,1
casual_deploy__86__74ffcdd293d9,623,japanese,EN->JA,casual_deploy,0,0,test,c202236235762e1c871ad0ccb60c8ee5ba337b9a,31,32,-20.446304321289062,1.3191155945335709e-09,0,1
casual_deploy__93__8df32ea449a1,626,japanese,EN->JA,casual_deploy,0,0,test,c202236235762e1c871ad0ccb60c8ee5ba337b9a,31,32,-9.759952545166016,5.7714034483069554e-05,0,1
casual_deploy__94__4abf4e8449d0,627,japanese,EN->JA,casual_deploy,0,0,test,c202236235762e1c871ad0ccb60c8ee5ba337b9a,31,32,-21.09400749206543,6.902222682292347e-10,0,1
casual_deploy__111__94dc64d80dd5,631,japanese,EN->JA,casual_deploy,0,0,test,c202236235762e1c871ad0ccb60c8ee5ba337b9a,31,32,-11.492265701293945,1.020864237943897e-05,0,1
casual_deploy__118__08c41753528a,635,japanese,EN->JA,casual_deploy,0,0,test,c202236235762e1c871ad0ccb60c8ee5ba337b9a,31,32,-28.81614875793457,3.057071468800382e-13,0,1
casual_deploy__120__bf30e71116bb,636,japanese,EN->JA,casual_deploy,0,0,test,c202236235762e1c871ad0ccb60c8ee5ba337b9a,31,32,-16.070863723754883,1.0483650925152688e-07,0,1
casual_deploy__149__d1ef2c0438bc,645,japanese,EN->JA,casual_deploy,0,0,test,c202236235762e1c871ad0ccb60c8ee5ba337b9a,31,32,-20.46514320373535,1.294497620207835e-09,0,1
casual_deploy__164__2271373c847a,647,japanese,EN->JA,casual_deploy,0,0,test,c202236235762e1c871ad0ccb60c8ee5ba337b9a,31,32,-14.367721557617188,5.75675244363083e-07,0,1
casual_deploy__176__b5acf79b9208,651,japanese,EN->JA,casual_deploy,0,0,test,c202236235762e1c871ad0ccb60c8ee5ba337b9a,31,32,-13.306434631347656,1.6637502540106652e-06,0,1
casual_deploy__207__ff8c3415f2a5,659,japanese,EN->JA,casual_deploy,0,0,test,c202236235762e1c871ad0ccb60c8ee5ba337b9a,31,32,-12.030655860900879,5.958678684692131e-06,0,1
casual_deploy__222__8395355cf2f9,667,japanese,EN->JA,casual_deploy,0,0,test,c202236235762e1c871ad0ccb60c8ee5ba337b9a,31,32,-13.808747291564941,1.006785169010982e-06,0,1
casual_deploy__232__0dd99c86d646,668,japanese,EN->JA,casual_deploy,0,0,test,c202236235762e1c871ad0ccb60c8ee5ba337b9a,31,32,-28.20925521850586,5.608879788572552e-13,0,1
casual_deploy__235__27a9a1d899c2,671,japanese,EN->JA,casual_deploy,0,0,test,c202236235762e1c871ad0ccb60c8ee5ba337b9a,31,32,-21.784833908081055,3.459129926941529e-10,0,1
casual_deploy__239__50ddbdf97d2f,673,japanese,EN->JA,casual_deploy,0,0,test,c202236235762e1c871ad0ccb60c8ee5ba337b9a,31,32,-7.6285719871521,0.00048611845704726875,0,1
casual_deploy__248__867bc20f5e89,675,japanese,EN->JA,casual_deploy,0,0,test,c202236235762e1c871ad0ccb60c8ee5ba337b9a,31,32,-17.38633155822754,2.813274768698193e-08,0,1
casual_deploy__256__2ba4a712cfdd,678,japanese,EN->JA,casual_deploy,0,0,test,c202236235762e1c871ad0ccb60c8ee5ba337b9a,31,32,-28.45517349243164,4.386066163042379e-13,0,1
casual_deploy__293__a131ce102064,691,japanese,EN->JA,casual_deploy,0,0,test,c202236235762e1c871ad0ccb60c8ee5ba337b9a,31,32,-16.136873245239258,9.81397505483983e-08,0,1
casual_deploy__319__65c149a7abc2,700,japanese,EN->JA,casual_deploy,0,0,test,c202236235762e1c871ad0ccb60c8ee5ba337b9a,31,32,-18.675535202026367,7.750292851937957e-09,0,1
casual_deploy__332__cf823a564f07,704,japanese,EN->JA,casual_deploy,0,0,test,c202236235762e1c871ad0ccb60c8ee5ba337b9a,31,32,-17.358076095581055,2.89389863183942e-08,0,1
casual_deploy__369__40a5b6b285bf,713,japanese,EN->JA,casual_deploy,0,0,test,c202236235762e1c871ad0ccb60c8ee5ba337b9a,31,32,-17.61146354675293,2.246149044538015e-08,0,1
casual_deploy__373__1cefd5400902,716,japanese,EN->JA,casual_deploy,0,0,test,c202236235762e1c871ad0ccb60c8ee5ba337b9a,31,32,-13.005403518676758,2.2481435735244304e-06,0,1
casual_deploy__381__79f3c8d6d702,717,japanese,EN->JA,casual_deploy,0,0,test,c202236235762e1c871ad0ccb60c8ee5ba337b9a,31,32,-18.470884323120117,9.510357834585648e-09,0,1
casual_deploy__394__087ce58e5883,720,japanese,EN->JA,casual_deploy,0,0,test,c202236235762e1c871ad0ccb60c8ee5ba337b9a,31,32,-19.528215408325195,3.303724183112422e-09,0,1
casual_deploy__429__756150266aac,729,japanese,EN->JA,casual_deploy,0,0,test,c202236235762e1c871ad0ccb60c8ee5ba337b9a,31,32,-10.336225509643555,3.243546962039545e-05,0,1
casual_deploy__434__fe9a5fb81d00,732,japanese,EN->JA,casual_deploy,0,0,test,c202236235762e1c871ad0ccb60c8ee5ba337b9a,31,32,-6.562027454376221,0.0014110241318121552,0,1
casual_deploy__439__a3a39768eb64,733,japanese,EN->JA,casual_deploy,0,0,test,c202236235762e1c871ad0ccb60c8ee5ba337b9a,31,32,-15.81606674194336,1.3526000941510574e-07,0,1
casual_deploy__445__e0aba3447aba,734,japanese,EN->JA,casual_deploy,0,0,test,c202236235762e1c871ad0ccb60c8ee5ba337b9a,31,32,-10.648479461669922,2.3736343791824766e-05,0,1
casual_deploy__446__7552230ad194,735,japanese,EN->JA,casual_deploy,0,0,test,c202236235762e1c871ad0ccb60c8ee5ba337b9a,31,32,-28.184558868408203,5.74912296588681e-13,0,1
casual_deploy__447__a6bd5b36633a,736,japanese,EN->JA,casual_deploy,0,0,test,c202236235762e1c871ad0ccb60c8ee5ba337b9a,31,32,-19.011629104614258,5.5380184882380945e-09,0,1
casual_deploy__448__5923416facf1,737,japanese,EN->JA,casual_deploy,0,0,test,c202236235762e1c871ad0ccb60c8ee5ba337b9a,31,32,-31.157323837280273,2.941346642702618e-14,0,1
casual_deploy__483__3260994a1e58,742,japanese,EN->JA,casual_deploy,0,0,test,c202236235762e1c871ad0ccb60c8ee5ba337b9a,31,32,-26.3603458404541,3.563257761768357e-12,0,1
casual_deploy__485__ac33a3166552,744,japanese,EN->JA,casual_deploy,0,0,test,c202236235762e1c871ad0ccb60c8ee5ba337b9a,31,32,-11.955053329467773,6.426633262890391e-06,0,1
casual_deploy__495__10b0c74111ad,746,japanese,EN->JA,casual_deploy,0,0,test,c202236235762e1c871ad0ccb60c8ee5ba337b9a,31,32,-29.979074478149414,9.555499973093809e-14,0,1
casual_deploy__502__289f85f92f30,748,japanese,EN->JA,casual_deploy,0,0,test,c202236235762e1c871ad0ccb60c8ee5ba337b9a,31,32,-9.429853439331055,8.028452430153266e-05,0,1
casual_deploy__504__ccc6afed99c3,749,japanese,EN->JA,casual_deploy,0,0,test,c202236235762e1c871ad0ccb60c8ee5ba337b9a,31,32,-18.203052520751953,1.243124803096407e-08,0,1
casual_deploy__521__bed581344b45,752,japanese,EN->JA,casual_deploy,0,0,test,c202236235762e1c871ad0ccb60c8ee5ba337b9a,31,32,-30.027803421020508,9.101032915573987e-14,0,1
casual_deploy__532__730263dcdcf2,754,japanese,EN->JA,casual_deploy,0,0,test,c202236235762e1c871ad0ccb60c8ee5ba337b9a,31,32,-29.070589065551758,2.370301491975285e-13,0,1
casual_deploy__534__5f2a03b6d3b2,755,japanese,EN->JA,casual_deploy,0,0,test,c202236235762e1c871ad0ccb60c8ee5ba337b9a,31,32,-13.773584365844727,1.0428163932374446e-06,0,1
casual_deploy__578__258feb208c5b,764,japanese,EN->JA,casual_deploy,0,0,test,c202236235762e1c871ad0ccb60c8ee5ba337b9a,31,32,-11.5264892578125,9.865180800261442e-06,0,1
casual_deploy__585__6b56e1cc3b2e,767,japanese,EN->JA,casual_deploy,0,0,test,c202236235762e1c871ad0ccb60c8ee5ba337b9a,31,32,-21.033836364746094,7.330285822781946e-10,0,1
casual_deploy__605__e0d3a6756c5e,773,japanese,EN->JA,casual_deploy,0,0,test,c202236235762e1c871ad0ccb60c8ee5ba337b9a,31,32,-14.80916690826416,3.70220419654288e-07,0,1
casual_deploy__623__6c63836720af,776,japanese,EN->JA,casual_deploy,0,0,test,c202236235762e1c871ad0ccb60c8ee5ba337b9a,31,32,-21.207109451293945,6.164095900373923e-10,0,1
casual_deploy__636__719064e83a38,778,japanese,EN->JA,casual_deploy,0,0,test,c202236235762e1c871ad0ccb60c8ee5ba337b9a,31,32,-17.593849182128906,2.2860639603550226e-08,0,1
casual_deploy__638__0dd25a498615,779,japanese,EN->JA,casual_deploy,0,0,test,c202236235762e1c871ad0ccb60c8ee5ba337b9a,31,32,-9.937782287597656,4.831200203625485e-05,0,1
casual_deploy__645__3ba0cb44d5bc,782,japanese,EN->JA,casual_deploy,0,0,test,c202236235762e1c871ad0ccb60c8ee5ba337b9a,31,32,-14.552668571472168,4.784715770256298e-07,0,1
casual_deploy__648__dfd9ccc74db9,784,japanese,EN->JA,casual_deploy,0,0,test,c202236235762e1c871ad0ccb60c8ee5ba337b9a,31,32,-23.465818405151367,6.440573768751179e-11,0,1
casual_deploy__650__931470c32ccf,785,japanese,EN->JA,casual_deploy,0,0,test,c202236235762e1c871ad0ccb60c8ee5ba337b9a,31,32,-13.292642593383789,1.686855739535531e-06,0,1
casual_deploy__654__919d76336a98,786,japanese,EN->JA,casual_deploy,0,0,test,c202236235762e1c871ad0ccb60c8ee5ba337b9a,31,32,-15.832267761230469,1.3308631707786844e-07,0,1
casual_deploy__662__a9cdf3cab1ba,787,japanese,EN->JA,casual_deploy,0,0,test,c202236235762e1c871ad0ccb60c8ee5ba337b9a,31,32,-15.096593856811523,2.7773620558946277e-07,0,1
casual_deploy__664__3eaf85862ae9,788,japanese,EN->JA,casual_deploy,0,0,test,c202236235762e1c871ad0ccb60c8ee5ba337b9a,31,32,-12.362844467163086,4.274477305443725e-06,0,1
casual_deploy__668__55b79209a6f2,789,japanese,EN->JA,casual_deploy,0,0,test,c202236235762e1c871ad0ccb60c8ee5ba337b9a,31,32,-31.120454788208008,3.051814985617629e-14,0,1
casual_deploy__692__93502705dab9,790,japanese,EN->JA,casual_deploy,0,0,test,c202236235762e1c871ad0ccb60c8ee5ba337b9a,31,32,-13.29648208618164,1.6803913922558422e-06,0,1
casual_deploy__706__c2a5a928eacd,794,japanese,EN->JA,casual_deploy,0,0,test,c202236235762e1c871ad0ccb60c8ee5ba337b9a,31,32,-18.966604232788086,5.793065582793133e-09,0,1
casual_deploy__722__f432e13aad1b,798,japanese,EN->JA,casual_deploy,0,0,test,c202236235762e1c871ad0ccb60c8ee5ba337b9a,31,32,-23.10500144958496,9.239008863515252e-11,0,1
casual_deploy__724__039335fcf1ed,799,japanese,EN->JA,casual_deploy,0,0,test,c202236235762e1c871ad0ccb60c8ee5ba337b9a,31,32,-11.745619773864746,7.923895282146987e-06,0,1
casual_deploy__727__dc6e1babb909,802,japanese,EN->JA,casual_deploy,0,0,test,c202236235762e1c871ad0ccb60c8ee5ba337b9a,31,32,-11.415169715881348,1.1026812899217475e-05,0,1
casual_deploy__730__c5e8274a1c5d,805,japanese,EN->JA,casual_deploy,0,0,test,c202236235762e1c871ad0ccb60c8ee5ba337b9a,31,32,-16.850330352783203,4.808332221273304e-08,0,1
casual_deploy__744__e9471dc16016,810,japanese,EN->JA,casual_deploy,0,0,test,c202236235762e1c871ad0ccb60c8ee5ba337b9a,31,32,-13.404848098754883,1.5078140904734028e-06,0,1
casual_deploy__745__b1ed3693f86f,811,japanese,EN->JA,casual_deploy,0,0,test,c202236235762e1c871ad0ccb60c8ee5ba337b9a,31,32,-25.237794876098633,1.0948760127693635e-11,0,1
casual_deploy__750__4f65f456d061,814,japanese,EN->JA,casual_deploy,0,0,test,c202236235762e1c871ad0ccb60c8ee5ba337b9a,31,32,-18.20622444152832,1.2391879522510862e-08,0,1
casual_deploy__755__44eb3f3c7862,815,japanese,EN->JA,casual_deploy,0,0,test,c202236235762e1c871ad0ccb60c8ee5ba337b9a,31,32,-20.71683692932129,1.0064495903350235e-09,0,1
casual_deploy__766__5343e7f881fe,818,japanese,EN->JA,casual_deploy,0,0,test,c202236235762e1c871ad0ccb60c8ee5ba337b9a,31,32,-16.996076583862305,4.156212440875606e-08,0,1
casual_deploy__768__e3ff564a649c,819,japanese,EN->JA,casual_deploy,0,0,test,c202236235762e1c871ad0ccb60c8ee5ba337b9a,31,32,-18.976991653442383,5.733201913216135e-09,0,1
casual_deploy__770__abe7422d5ba9,820,japanese,EN->JA,casual_deploy,0,0,test,c202236235762e1c871ad0ccb60c8ee5ba337b9a,31,32,-16.000503540039062,1.1247851006146448e-07,0,1
casual_deploy__771__c9b063da8977,821,japanese,EN->JA,casual_deploy,0,0,test,c202236235762e1c871ad0ccb60c8ee5ba337b9a,31,32,-29.28291893005371,1.9168577857810176e-13,0,1
casual_deploy__774__2051f73f090c,822,japanese,EN->JA,casual_deploy,0,0,test,c202236235762e1c871ad0ccb60c8ee5ba337b9a,31,32,-26.40959358215332,3.3920266769016383e-12,0,1
casual_deploy__793__853049e64686,827,japanese,EN->JA,casual_deploy,0,0,test,c202236235762e1c871ad0ccb60c8ee5ba337b9a,31,32,-14.557840347290039,4.760034073569841e-07,0,1
casual_deploy__794__fa96ec930e91,828,japanese,EN->JA,casual_deploy,0,0,test,c202236235762e1c871ad0ccb60c8ee5ba337b9a,31,32,-16.075532913208008,1.043481461238116e-07,0,1
casual_deploy__804__068820945bc9,831,japanese,EN->JA,casual_deploy,0,0,test,c202236235762e1c871ad0ccb60c8ee5ba337b9a,31,32,-16.191640853881836,9.290940283790405e-08,0,1
casual_deploy__816__6bdc7cf2ff7e,836,japanese,EN->JA,casual_deploy,0,0,test,c202236235762e1c871ad0ccb60c8ee5ba337b9a,31,32,-8.155746459960938,0.00028699851827695966,0,1
casual_deploy__836__fa1a01503de8,841,japanese,EN->JA,casual_deploy,0,0,test,c202236235762e1c871ad0ccb60c8ee5ba337b9a,31,32,-19.85814666748047,2.3752890765393886e-09,0,1
casual_deploy__847__29e72a8c8763,844,japanese,EN->JA,casual_deploy,0,0,test,c202236235762e1c871ad0ccb60c8ee5ba337b9a,31,32,-21.270082473754883,5.787893497810614e-10,0,1
casual_deploy__851__46bd03545f52,847,japanese,EN->JA,casual_deploy,0,0,test,c202236235762e1c871ad0ccb60c8ee5ba337b9a,31,32,-15.077095031738281,2.8320485512267624e-07,0,1
casual_deploy__888__1471958d3379,853,japanese,EN->JA,casual_deploy,0,0,test,c202236235762e1c871ad0ccb60c8ee5ba337b9a,31,32,-21.226686477661133,6.044594824672345e-10,0,1
casual_deploy__902__f400ad80d6ab,858,japanese,EN->JA,casual_deploy,0,0,test,c202236235762e1c871ad0ccb60c8ee5ba337b9a,31,32,-14.370683670043945,5.739725565945264e-07,0,1
casual_deploy__948__0ee962b4e385,869,japanese,EN->JA,casual_deploy,0,0,test,c202236235762e1c871ad0ccb60c8ee5ba337b9a,31,32,-23.20989990234375,8.318950389663016e-11,0,1
casual_deploy__973__12aa47f067d7,877,japanese,EN->JA,casual_deploy,0,0,test,c202236235762e1c871ad0ccb60c8ee5ba337b9a,31,32,-16.85531997680664,4.784400431390168e-08,0,1
casual_deploy__974__d4fc17b17945,878,japanese,EN->JA,casual_deploy,0,0,test,c202236235762e1c871ad0ccb60c8ee5ba337b9a,31,32,-30.61231803894043,5.072700072494829e-14,0,1
casual_deploy__994__b9aff81dfc93,881,japanese,EN->JA,casual_deploy,0,0,test,c202236235762e1c871ad0ccb60c8ee5ba337b9a,31,32,-27.047880172729492,1.791657100458366e-12,0,1
casual_deploy__1001__c6c27b8f1cd4,882,japanese,EN->JA,casual_deploy,0,0,test,c202236235762e1c871ad0ccb60c8ee5ba337b9a,31,32,-13.976207733154297,8.515492027072469e-07,0,1
casual_deploy__1024__a2a2d7a42f48,888,japanese,EN->JA,casual_deploy,0,0,test,c202236235762e1c871ad0ccb60c8ee5ba337b9a,31,32,-12.6622314453125,3.168555849697441e-06,0,1
casual_deploy__1028__a27f96fedfce,890,japanese,EN->JA,casual_deploy,0,0,test,c202236235762e1c871ad0ccb60c8ee5ba337b9a,31,32,-28.128217697143555,6.082334072163298e-13,0,1
casual_deploy__1074__9df8d68c09c5,898,japanese,EN->JA,casual_deploy,0,0,test,c202236235762e1c871ad0ccb60c8ee5ba337b9a,31,32,-13.737775802612305,1.0808347497004434e-06,0,1
casual_deploy__1075__4f1bf23ed15a,899,japanese,EN->JA,casual_deploy,0,0,test,c202236235762e1c871ad0ccb60c8ee5ba337b9a,31,32,-26.821983337402344,2.245746123785697e-12,0,1
casual_eval__3__7bc6c7c9dcf1,900,japanese,EN->JA,casual_eval,1,0,test,c202236235762e1c871ad0ccb60c8ee5ba337b9a,31,32,-5.483234405517578,0.004138666670769453,0,0
casual_eval__7__7a18b0406a1c,902,japanese,EN->JA,casual_eval,1,0,test,c202236235762e1c871ad0ccb60c8ee5ba337b9a,31,32,-4.630855083465576,0.009652345441281796,0,0
casual_eval__8__c661199102d4,903,japanese,EN->JA,casual_eval,1,0,test,c202236235762e1c871ad0ccb60c8ee5ba337b9a,31,32,-9.618677139282227,6.647108239121735e-05,0,0
casual_eval__32__b88f99b5b6dc,912,japanese,EN->JA,casual_eval,1,0,test,c202236235762e1c871ad0ccb60c8ee5ba337b9a,31,32,-3.118029832839966,0.04236963763833046,0,0
casual_eval__33__80db60b87357,913,japanese,EN->JA,casual_eval,1,0,test,c202236235762e1c871ad0ccb60c8ee5ba337b9a,31,32,-4.619706630706787,0.009759500622749329,0,0
casual_eval__50__cace06b97f9d,919,japanese,EN->JA,casual_eval,1,0,test,c202236235762e1c871ad0ccb60c8ee5ba337b9a,31,32,-7.239843845367432,0.0007169094169512391,0,0
casual_eval__54__0d7ea239d28f,921,japanese,EN->JA,casual_eval,1,0,test,c202236235762e1c871ad0ccb60c8ee5ba337b9a,31,32,-4.72318172454834,0.008808577433228493,0,0
casual_eval__60__04864b643893,922,japanese,EN->JA,casual_eval,1,0,test,c202236235762e1c871ad0ccb60c8ee5ba337b9a,31,32,-6.304855823516846,0.001824076403863728,0,0
casual_eval__72__8a232442fc95,924,japanese,EN->JA,casual_eval,1,0,test,c202236235762e1c871ad0ccb60c8ee5ba337b9a,31,32,-5.142470359802246,0.005809292197227478,0,0
casual_eval__111__bab380327425,931,japanese,EN->JA,casual_eval,1,0,test,c202236235762e1c871ad0ccb60c8ee5ba337b9a,31,32,-3.856379270553589,0.02070659026503563,0,0
casual_eval__113__d91b4e10d7b3,932,japanese,EN->JA,casual_eval,1,0,test,c202236235762e1c871ad0ccb60c8ee5ba337b9a,31,32,-5.135944366455078,0.005847104825079441,0,0
casual_eval__118__b2bdd4316712,934,japanese,EN->JA,casual_eval,1,0,test,c202236235762e1c871ad0ccb60c8ee5ba337b9a,31,32,-6.081551551818848,0.0022794215474277735,0,0
casual_eval__121__320ed12a240e,935,japanese,EN->JA,casual_eval,1,0,test,c202236235762e1c871ad0ccb60c8ee5ba337b9a,31,32,-9.082287788391113,0.00011364835518179461,0,0
casual_eval__126__076096e5cf0e,939,japanese,EN->JA,casual_eval,1,0,test,c202236235762e1c871ad0ccb60c8ee5ba337b9a,31,32,-4.67286491394043,0.009258928708732128,0,0
casual_eval__141__6149b917418d,946,japanese,EN->JA,casual_eval,1,0,test,c202236235762e1c871ad0ccb60c8ee5ba337b9a,31,32,-8.911905288696289,0.00013475664309225976,0,0
casual_eval__173__35804e4c008a,952,japanese,EN->JA,casual_eval,1,0,test,c202236235762e1c871ad0ccb60c8ee5ba337b9a,31,32,-6.559642314910889,0.0014143888838589191,0,0
casual_eval__203__13551ee1213a,959,japanese,EN->JA,casual_eval,1,0,test,c202236235762e1c871ad0ccb60c8ee5ba337b9a,31,32,-7.3575825691223145,0.0006373318028636277,0,0
casual_eval__207__a37a9972a3d9,961,japanese,EN->JA,casual_eval,1,0,test,c202236235762e1c871ad0ccb60c8ee5ba337b9a,31,32,-7.270132064819336,0.0006955359131097794,0,0
casual_eval__252__29f415f9e147,974,japanese,EN->JA,casual_eval,1,0,test,c202236235762e1c871ad0ccb60c8ee5ba337b9a,31,32,-7.904852390289307,0.00036881284904666245,0,0
casual_eval__276__01170eee2636,980,japanese,EN->JA,casual_eval,1,0,test,c202236235762e1c871ad0ccb60c8ee5ba337b9a,31,32,-5.675220966339111,0.0034181869123131037,0,0
casual_eval__291__c1e74df13497,983,japanese,EN->JA,casual_eval,1,0,test,c202236235762e1c871ad0ccb60c8ee5ba337b9a,31,32,-3.876049280166626,0.020311463624238968,0,0
casual_eval__309__e189a24df5b6,989,japanese,EN->JA,casual_eval,1,0,test,c202236235762e1c871ad0ccb60c8ee5ba337b9a,31,32,-5.999330520629883,0.0024742749519646168,0,0
casual_eval__313__baf966b3261a,990,japanese,EN->JA,casual_eval,1,0,test,c202236235762e1c871ad0ccb60c8ee5ba337b9a,31,32,-4.637809753417969,0.00958609115332365,0,0
casual_eval__320__ad96884721b4,992,japanese,EN->JA,casual_eval,1,0,test,c202236235762e1c871ad0ccb60c8ee5ba337b9a,31,32,-9.791909217834473,5.58989449928049e-05,0,0
casual_eval__342__d000016fadef,1001,japanese,EN->JA,casual_eval,1,0,test,c202236235762e1c871ad0ccb60c8ee5ba337b9a,31,32,-9.668173789978027,6.32612791378051e-05,0,0
casual_eval__349__3ae3b024bae2,1003,japanese,EN->JA,casual_eval,1,0,test,c202236235762e1c871ad0ccb60c8ee5ba337b9a,31,32,-13.393986701965332,1.5242802646753262e-06,0,0
casual_eval__360__34240e556b82,1005,japanese,EN->JA,casual_eval,1,0,test,c202236235762e1c871ad0ccb60c8ee5ba337b9a,31,32,-8.187602043151855,0.00027800261159427464,0,0
casual_eval__384__629953af2c33,1011,japanese,EN->JA,casual_eval,1,0,test,c202236235762e1c871ad0ccb60c8ee5ba337b9a,31,32,-5.2393059730529785,0.005275953561067581,0,0
casual_eval__388__b9e5e11de671,1012,japanese,EN->JA,casual_eval,1,0,test,c202236235762e1c871ad0ccb60c8ee5ba337b9a,31,32,-6.2863311767578125,0.0018581182230263948,0,0
casual_eval__399__e5032cba27ca,1016,japanese,EN->JA,casual_eval,1,0,test,c202236235762e1c871ad0ccb60c8ee5ba337b9a,31,32,-8.626131057739258,0.00017932507034856826,0,0
casual_eval__407__0f3288ec831d,1017,japanese,EN->JA,casual_eval,1,0,test,c202236235762e1c871ad0ccb60c8ee5ba337b9a,31,32,-6.236692428588867,0.0019524956587702036,0,0
casual_eval__435__d65965dbb31b,1028,japanese,EN->JA,casual_eval,1,0,test,c202236235762e1c871ad0ccb60c8ee5ba337b9a,31,32,-5.181818008422852,0.005586400628089905,0,0
casual_eval__454__40ae889d7d57,1034,japanese,EN->JA,casual_eval,1,0,test,c202236235762e1c871ad0ccb60c8ee5ba337b9a,31,32,-7.511334419250488,0.0005465520080178976,0,0
casual_eval__459__2e86228b0b08,1037,japanese,EN->JA,casual_eval,1,0,test,c202236235762e1c871ad0ccb60c8ee5ba337b9a,31,32,-8.762009620666504,0.00015654513845220208,0,0
casual_eval__463__747f2e5afce2,1038,japanese,EN->JA,casual_eval,1,0,test,c202236235762e1c871ad0ccb60c8ee5ba337b9a,31,32,-8.66429615020752,0.0001726112241158262,0,0
casual_eval__471__1822a4be7718,1040,japanese,EN->JA,casual_eval,1,0,test,c202236235762e1c871ad0ccb60c8ee5ba337b9a,31,32,-5.45499324798584,0.004256708547472954,0,0
casual_eval__491__ce586cfa8ee6,1043,japanese,EN->JA,casual_eval,1,0,test,c202236235762e1c871ad0ccb60c8ee5ba337b9a,31,32,-7.649442672729492,0.000476082757813856,0,0
casual_eval__502__abc716884301,1044,japanese,EN->JA,casual_eval,1,0,test,c202236235762e1c871ad0ccb60c8ee5ba337b9a,31,32,-8.95111083984375,0.00012957632134202868,0,0
casual_eval__535__d1ff6215cef9,1050,japanese,EN->JA,casual_eval,1,0,test,c202236235762e1c871ad0ccb60c8ee5ba337b9a,31,32,-7.235171318054199,0.0007202646811492741,0,0
casual_eval__563__fd5e28515e6c,1058,japanese,EN->JA,casual_eval,1,0,test,c202236235762e1c871ad0ccb60c8ee5ba337b9a,31,32,-4.498342514038086,0.011004968546330929,0,0
casual_eval__574__ee9ff7e88867,1063,japanese,EN->JA,casual_eval,1,0,test,c202236235762e1c871ad0ccb60c8ee5ba337b9a,31,32,-2.8399975299835205,0.055200669914484024,0,0
casual_eval__577__a3f42f6be047,1065,japanese,EN->JA,casual_eval,1,0,test,c202236235762e1c871ad0ccb60c8ee5ba337b9a,31,32,-6.628606796264648,0.0013202582485973835,0,0
casual_eval__580__ec615cc653e7,1066,japanese,EN->JA,casual_eval,1,0,test,c202236235762e1c871ad0ccb60c8ee5ba337b9a,31,32,-2.466700792312622,0.07822579890489578,0,0
casual_eval__588__5a72b2df4fc0,1070,japanese,EN->JA,casual_eval,1,0,test,c202236235762e1c871ad0ccb60c8ee5ba337b9a,31,32,-8.603414535522461,0.00018344457203056663,0,0
casual_eval__589__e48a729fb4ed,1071,japanese,EN->JA,casual_eval,1,0,test,c202236235762e1c871ad0ccb60c8ee5ba337b9a,31,32,-6.345126152038574,0.0017522057751193643,0,0
casual_eval__598__8fb893d4dbe8,1073,japanese,EN->JA,casual_eval,1,0,test,c202236235762e1c871ad0ccb60c8ee5ba337b9a,31,32,-9.342857360839844,8.758113108342513e-05,0,0
casual_eval__635__bbee0d50a754,1079,japanese,EN->JA,casual_eval,1,0,test,c202236235762e1c871ad0ccb60c8ee5ba337b9a,31,32,-10.340038299560547,3.2312040275428444e-05,0,0
casual_eval__639__6300cd137f97,1082,japanese,EN->JA,casual_eval,1,0,test,c202236235762e1c871ad0ccb60c8ee5ba337b9a,31,32,-5.537319183349609,0.0039216275326907635,0,0
casual_eval__642__8ecad910959a,1084,japanese,EN->JA,casual_eval,1,0,test,c202236235762e1c871ad0ccb60c8ee5ba337b9a,31,32,-8.442602157592773,0.0002154422691091895,0,0
casual_eval__643__6d2689ed64d7,1085,japanese,EN->JA,casual_eval,1,0,test,c202236235762e1c871ad0ccb60c8ee5ba337b9a,31,32,-7.86836051940918,0.0003825148451142013,0,0
casual_eval__670__6a534d943a6b,1091,japanese,EN->JA,casual_eval,1,0,test,c202236235762e1c871ad0ccb60c8ee5ba337b9a,31,32,-7.159448146820068,0.0007768794894218445,0,0
casual_eval__695__d27e4e2c3b2b,1098,japanese,EN->JA,casual_eval,1,0,test,c202236235762e1c871ad0ccb60c8ee5ba337b9a,31,32,-11.88398265838623,6.899997060827445e-06,0,0
casual_eval__710__9fd509b03bd0,1100,japanese,EN->JA,casual_eval,1,0,test,c202236235762e1c871ad0ccb60c8ee5ba337b9a,31,32,-7.267114162445068,0.0006976367440074682,0,0
casual_eval__716__5b460b010ca3,1102,japanese,EN->JA,casual_eval,1,0,test,c202236235762e1c871ad0ccb60c8ee5ba337b9a,31,32,-8.64823055267334,0.00017540622502565384,0,0
casual_eval__733__a824ebd0bcdd,1105,japanese,EN->JA,casual_eval,1,0,test,c202236235762e1c871ad0ccb60c8ee5ba337b9a,31,32,-6.534565448760986,0.001450253650546074,0,0
casual_eval__739__94be8067de2d,1108,japanese,EN->JA,casual_eval,1,0,test,c202236235762e1c871ad0ccb60c8ee5ba337b9a,31,32,-9.288167953491211,9.250384027836844e-05,0,0
casual_eval__746__a4f006b9fafc,1110,japanese,EN->JA,casual_eval,1,0,test,c202236235762e1c871ad0ccb60c8ee5ba337b9a,31,32,-7.067358016967773,0.0008517562528140843,0,0
casual_eval__753__d7d9c6ed1b8c,1113,japanese,EN->JA,casual_eval,1,0,test,c202236235762e1c871ad0ccb60c8ee5ba337b9a,31,32,-6.492900848388672,0.0015118611045181751,0,0
casual_eval__760__1cfadfdd0e29,1117,japanese,EN->JA,casual_eval,1,0,test,c202236235762e1c871ad0ccb60c8ee5ba337b9a,31,32,-5.8986101150512695,0.002735750051215291,0,0
casual_eval__763__9015413e8d25,1118,japanese,EN->JA,casual_eval,1,0,test,c202236235762e1c871ad0ccb60c8ee5ba337b9a,31,32,-2.661470890045166,0.06528551876544952,0,0
casual_eval__776__1e7be718c9ba,1122,japanese,EN->JA,casual_eval,1,0,test,c202236235762e1c871ad0ccb60c8ee5ba337b9a,31,32,-6.618628025054932,0.001333481166511774,0,0
casual_eval__778__ac398544f0a3,1123,japanese,EN->JA,casual_eval,1,0,test,c202236235762e1c871ad0ccb60c8ee5ba337b9a,31,32,-6.178639888763428,0.002068956382572651,0,0
casual_eval__790__8220cf0f83ca,1124,japanese,EN->JA,casual_eval,1,0,test,c202236235762e1c871ad0ccb60c8ee5ba337b9a,31,32,-8.670872688293457,0.00017147995822597295,0,0
casual_eval__795__e22d0e890f15,1125,japanese,EN->JA,casual_eval,1,0,test,c202236235762e1c871ad0ccb60c8ee5ba337b9a,31,32,-5.773268699645996,0.0030999372247606516,0,0
casual_eval__797__93a1b9313efd,1126,japanese,EN->JA,casual_eval,1,0,test,c202236235762e1c871ad0ccb60c8ee5ba337b9a,31,32,-6.910904407501221,0.0009958631126210093,0,0
casual_eval__801__269b53b04852,1127,japanese,EN->JA,casual_eval,1,0,test,c202236235762e1c871ad0ccb60c8ee5ba337b9a,31,32,-7.8006744384765625,0.00040929115493781865,0,0
casual_eval__820__8e4ae02c2a96,1131,japanese,EN->JA,casual_eval,1,0,test,c202236235762e1c871ad0ccb60c8ee5ba337b9a,31,32,-6.640859127044678,0.0013042016653344035,0,0
casual_eval__824__5747377f3015,1132,japanese,EN->JA,casual_eval,1,0,test,c202236235762e1c871ad0ccb60c8ee5ba337b9a,31,32,-4.582820415496826,0.010122501291334629,0,0
casual_eval__827__1b66f4ac0979,1133,japanese,EN->JA,casual_eval,1,0,test,c202236235762e1c871ad0ccb60c8ee5ba337b9a,31,32,-10.176700592041016,3.804508742177859e-05,0,0
casual_eval__844__299bfb0c8e80,1140,japanese,EN->JA,casual_eval,1,0,test,c202236235762e1c871ad0ccb60c8ee5ba337b9a,31,32,-7.290792942047119,0.000681322708260268,0,0
casual_eval__879__266157b70c4e,1145,japanese,EN->JA,casual_eval,1,0,test,c202236235762e1c871ad0ccb60c8ee5ba337b9a,31,32,-8.101897239685059,0.0003028720384463668,0,0
casual_eval__893__3006ce008824,1148,japanese,EN->JA,casual_eval,1,0,test,c202236235762e1c871ad0ccb60c8ee5ba337b9a,31,32,-7.378755569458008,0.0006239878130145371,0,0
casual_eval__897__2782323c615c,1150,japanese,EN->JA,casual_eval,1,0,test,c202236235762e1c871ad0ccb60c8ee5ba337b9a,31,32,-6.131340503692627,0.0021689506247639656,0,0
casual_eval__907__7d725b2d1a6b,1154,japanese,EN->JA,casual_eval,1,0,test,c202236235762e1c871ad0ccb60c8ee5ba337b9a,31,32,-8.367772102355957,0.00023217845591716468,0,0
casual_eval__909__40d4a5872c79,1155,japanese,EN->JA,casual_eval,1,0,test,c202236235762e1c871ad0ccb60c8ee5ba337b9a,31,32,-8.92998218536377,0.00013234285870566964,0,0
casual_eval__910__d41be2ebc5d4,1156,japanese,EN->JA,casual_eval,1,0,test,c202236235762e1c871ad0ccb60c8ee5ba337b9a,31,32,-7.350611209869385,0.0006417875993065536,0,0
casual_eval__930__751db5a937d2,1159,japanese,EN->JA,casual_eval,1,0,test,c202236235762e1c871ad0ccb60c8ee5ba337b9a,31,32,-6.9213995933532715,0.0009854763047769666,0,0
casual_eval__963__140e3abd243f,1166,japanese,EN->JA,casual_eval,1,0,test,c202236235762e1c871ad0ccb60c8ee5ba337b9a,31,32,-7.417626857757568,0.0006002121954225004,0,0
casual_eval__968__d63bf0511e52,1167,japanese,EN->JA,casual_eval,1,0,test,c202236235762e1c871ad0ccb60c8ee5ba337b9a,31,32,-4.378728866577148,0.012385955080389977,0,0
casual_eval__973__beb86fb9ae19,1168,japanese,EN->JA,casual_eval,1,0,test,c202236235762e1c871ad0ccb60c8ee5ba337b9a,31,32,-7.447769641876221,0.0005824004765599966,0,0
casual_eval__985__4b7fc14b8598,1173,japanese,EN->JA,casual_eval,1,0,test,c202236235762e1c871ad0ccb60c8ee5ba337b9a,31,32,-7.143630504608154,0.0007892557769082487,0,0
casual_eval__997__2a4b40f0eea9,1176,japanese,EN->JA,casual_eval,1,0,test,c202236235762e1c871ad0ccb60c8ee5ba337b9a,31,32,-7.33393669128418,0.0006525717326439917,0,0
casual_eval__1014__17b93032b6a6,1179,japanese,EN->JA,casual_eval,1,0,test,c202236235762e1c871ad0ccb60c8ee5ba337b9a,31,32,-4.308292388916016,0.013277835212647915,0,0
casual_eval__1015__e3389f2c79e5,1180,japanese,EN->JA,casual_eval,1,0,test,c202236235762e1c871ad0ccb60c8ee5ba337b9a,31,32,-7.587533473968506,0.0005064727156423032,0,0
casual_eval__1042__2bf85825d4e1,1186,japanese,EN->JA,casual_eval,1,0,test,c202236235762e1c871ad0ccb60c8ee5ba337b9a,31,32,-6.348855018615723,0.0017456954810768366,0,0
casual_eval__1048__3649249823ef,1188,japanese,EN->JA,casual_eval,1,0,test,c202236235762e1c871ad0ccb60c8ee5ba337b9a,31,32,-7.208781719207764,0.0007395108696073294,0,0
casual_eval__1059__008c015371ce,1194,japanese,EN->JA,casual_eval,1,0,test,c202236235762e1c871ad0ccb60c8ee5ba337b9a,31,32,-9.519742965698242,7.338314026128501e-05,0,0
casual_eval__1060__e5e5e109a49b,1195,japanese,EN->JA,casual_eval,1,0,test,c202236235762e1c871ad0ccb60c8ee5ba337b9a,31,32,-3.649326801300049,0.0253493320196867,0,0
casual_eval__1064__f88685cf23c9,1196,japanese,EN->JA,casual_eval,1,0,test,c202236235762e1c871ad0ccb60c8ee5ba337b9a,31,32,-7.385219573974609,0.0006199698545970023,0,0
casual_eval__1065__a224e86157fc,1197,japanese,EN->JA,casual_eval,1,0,test,c202236235762e1c871ad0ccb60c8ee5ba337b9a,31,32,-9.555041313171387,7.083819946274161e-05,0,0
